rxn_id_INCA,rxn_id,rxn_equation_INCA
v1,EX_glc_LPAREN_e_RPAREN_,Gluc.ext (abcdef) + PEP (ghi) -> G6P (abcdef) + Pyr (ghi)                                                                                             
v2,PGI,G6P (abcdef) <-> F6P (abcdef)                                                                                                   
v3,PFK,F6P (abcdef) + ATP -> FBP (abcdef)                                                                                                 
v4,FBA,FBP (abcdef) <-> DHAP (cba) + GAP (def)                                                                                                
v5,TPI,DHAP (abc) <-> GAP (abc)                                                                                                   
v6,GAPD_PGK,GAP (abc) <-> 3PG (abc) + ATP + NADH                                                                                               
v7,PGM,3PG (abc) <-> PEP (abc)                                                                                                   
v8,ENO,PEP (abc) -> Pyr (abc) + ATP                                                                                                 
v9,G6PDH2r_PGL,G6P (abcdef) -> 6PG (abcdef) + NADPH                                                                                                 
v10,GND,6PG (abcdef) -> Ru5P (bcdef) + CO2 (a) + NADPH                                                                                              
v11,RPE,Ru5P (abcde) <-> X5P (abcde)                                                                                                   
v12,RPI,Ru5P (abcde) <-> R5P (abcde)                                                                                                   
v13,TKT2a,X5P (abcde) <-> TK_C2 (ab) + GAP (cde)                                                                                                
v14,TKT2b,F6P (abcdef) <-> TK_C2 (ab) + E4P (cdef)                                                                                                
v15,TKT1a,S7P (abcdefg) <-> TK_C2 (ab) + R5P (cdefg)                                                                                                
v16,TKT1b,F6P (abcdef) <-> TA_C3 (abc) + GAP (def)                                                                                                
v17,TALA,S7P (abcdefg) <-> TA_C3 (abc) + E4P (defg)                                                                                                
v18,EDD,6PG (abcdef) -> KDPG (abcdef)                                                                                                   
v19,EDA,KDPG (abcdef) -> Pyr (abc) + GAP (def)                                                                                                
v20,PDH,Pyr (abc) -> AcCoA (bc) + CO2 (a) + NADH                                                                                              
v21,CS,OAC (abcd) + AcCoA (ef) -> Cit (dcbfea)                                                                                                
v22,ACONTa_ACONTb,Cit (abcdef) <-> ICit (abcdef)                                                                                                   
v23,ICDHyr,ICit (abcdef) <-> AKG (abcde) + CO2 (f) + NADPH                                                                                              
v24,AKGDH,AKG (abcde) -> SucCoA (bcde) + CO2 (a) + NADH                                                                                              
v25,SUCCOAS,SucCoA (abcd) <-> Suc (abcd) + ATP                                                                                                 
v26,SUCDi,Suc (abcd) <-> Fum (abcd) + FADH2                                                                                                 
v27,FUM,Fum (abcd) <-> Mal (abcd)                                                                                                   
v28,MDH,Mal (abcd) <-> OAC (abcd) + NADH                                                                                                 
v29,ICL,ICit (abcdef) -> Glyox (ab) + Suc (edcf)                                                                                                
v30,MALS,Glyox (ab) + AcCoA (cd) -> Mal (abdc)                                                                                                
v31,ME1,Mal (abcd) -> Pyr (abc) + CO2 (d) + NADPH                                                                                              
v32,ME2,Mal (abcd) -> Pyr (abc) + CO2 (d) + NADH                                                                                              
v33,PPC,PEP (abc) + CO2 (d) -> OAC (abcd)                                                                                                
v34,PPCK,OAC (abcd) + ATP -> PEP (abc) + CO2 (d)                                                                                              
v35,PTAr_ACKr_ACS,AcCoA (ab) <-> Ac (ab) + ATP                                                                                                 
v36,GluSYN,AKG (abcde) + NADPH + NH3 -> Glu (abcde)                                                                                               
v37,GLNS,Glu (abcde) + ATP + NH3 -> Gln (abcde)                                                                                               
v38,ProSYN,Glu (abcde) + ATP + 2 NADPH -> Pro (abcde)                                                                                              
v39,ArgSYN,Glu (abcde) + CO2 (f) + Gln (ghijk) + Asp (lmno) + AcCoA (pq) + 5 ATP + NADPH -> Arg (abcdef) + AKG (ghijk) + Fum (lmno) + Ac (pq)                                                                         
v40,ASPTA,OAC (abcd) + Glu (efghi) -> Asp (abcd) + AKG (efghi)                                                                                             
v41,ASNN,Asp (abcd) + 2 ATP + NH3 -> Asn (abcd)                                                                                              
v42,ALATA_L,Pyr (abc) + Glu (defgh) -> Ala (abc) + AKG (defgh)                                                                                             
v43,SerSYN,3PG (abc) + Glu (defgh) -> Ser (abc) + AKG (defgh) + NADH                                                                                           
v44,GHMT2r,Ser (abc) <-> Gly (ab) + MEETHF (c)                                                                                                
v45,MlthfSYN,Gly (ab) <-> CO2 (a) + MEETHF (b) + NADH + NH3                                                                                            
v46,THRD_GLYAT,Thr (abcd) -> Gly (ab) + AcCoA (cd) + NADH                                                                                              
v47,SERAT_CYSS,Ser (abc) + AcCoA (de) + 3 ATP + 4 NADPH + SO4 -> Cys (abc) + Ac (de)
v48 ,26dap_DASH_MSYN,Asp (abcd) + Pyr (efg) + Glu (hijkl) + SucCoA (mnop) + ATP + 2 NADPH -> LL_DAP (abcdgfe) + AKG (hijkl) + Suc (mnop)      
v49,DAPDC,LL_DAP (abcdefg) -> Lys (abcdef) + CO2 (g)                                                                                                
v50,ThrSYN,Asp (abcd) + 2 ATP + 2 NADPH -> Thr (abcd)                                                                                             
v51,MetSYN,Asp (abcd) + METHF (e) + Cys (fgh) + SucCoA (ijkl) + ATP + 2 NADPH -> Met (abcde) + Pyr (fgh) + Suc (ijkl) + NH3                                                                             
v52,ValSYN,Pyr (abc) + Pyr (def) + Glu (ghijk) + NADPH -> Val (abcef) + CO2 (d) + AKG (ghijk)                                                                                     
v53,LeuSYN,AcCoA (ab) + Pyr (cde) + Pyr (fgh) + Glu (ijklm) + NADPH -> Leu (abdghe) + CO2 (c) + CO2 (f) + AKG (ijklm) + NADH                                                                             
v54,IleSYN,Thr (abcd) + Pyr (efg) + Glu (hijkl) + NADPH -> Ile (abfcdg) + CO2 (e) + AKG (hijkl) + NH3                                                                                   
v55,PheSYN,PEP (abc) + PEP (def) + E4P (ghij) + Glu (klmno) + ATP + NADPH -> Phe (abcefghij) + CO2 (d) + AKG (klmno)                                                                                
v56,TyrSYN,PEP (abc) + PEP (def) + E4P (ghij) + Glu (klmno) + ATP + NADPH -> Tyr (abcefghij) + CO2 (d) + AKG (klmno) + NADH                                                                              
v57,TrpSYN,Ser (abc) + R5P (defgh) + PEP (ijk) + E4P (lmno) + PEP (pqr) + Gln (stuvw) + 3 ATP + NADPH -> Trp (abcedklmnoj) + CO2 (i) + GAP (fgh) + Pyr (pqr) + Glu (stuvw)                                                                   
v58,HisSYN,R5P (abcde) + FTHF (f) + Gln (ghijk) + Asp (lmno) + 5 ATP -> His (edcbaf) + AKG (ghijk) + Fum (lmno) + 2 NADH                                                                              
v59,MTHFD,MEETHF (a) + NADH -> METHF (a)                                                                                                 
v60,MTHFC,MEETHF (a) -> FTHF (a) + NADPH                                                                                                 
v61,NADH_CYTBD_HYD_ATPS4r,NADH + 0.5 O2 -> 2 ATP                                                                                                 
v62,FADR_NADH_CYTBD_HYD_ATPS4r,FADH2 + 0.5 O2 -> 1 ATP                                                                                                 
v63,NADTRHD_THD2pp,NADH <-> NADPH                                                                                                     
v64,ATPM,ATP -> ATP.ext                                                                                                     
v65,EX_ac_LPAREN_e_RPAREN_,Ac (ab) -> Ac.ext (ab)                                                                                                   
v66,EX_co2_LPAREN_e_RPAREN_,CO2 (a) -> CO2.ext (a)                                                                                                   
v67,EX_o2_LPAREN_e_RPAREN_,O2.ext -> O2                                                                                                     
v68,EX_nh4_LPAREN_e_RPAREN_,NH3.ext -> NH3                                                                                                     
v69,EX_so4_LPAREN_e_RPAREN_,SO4.ext -> SO4                                                                                                     
v70,Ec_Biomass_INCA,0.488 Ala + 0.281 Arg + 0.229 Asn + 0.229 Asp + 0.087 Cys + 0.25 Glu + 0.25 Gln + 0.582 Gly + 0.09 His + 0.276 Ile + 0.428 Leu + 0.326 Lys + 0.146 Met + 0.176 Phe + 0.21 Pro + 0.205 Ser + 0.241 Thr + 0.054 Trp + 0.131 Tyr + 0.402 Val + 0.205 G6P + 0.071 F6P + 0.754 R5P + 0.129 GAP + 0.619 3PG + 0.051 PEP + 0.083 Pyr + 2.51 AcCoA + 0.087 AKG + 0.34 OAC + 0.443 MEETHF + 33.247 ATP + 5.363 NADPH -> 39.68 Biomass + 1.455 NADH
v71,EX_co2_LPAREN_e_RPAREN__unlabeled,CO2.unlabeled (a) + CO2 (b) -> CO2 (a) + CO2.out (b)                                                                                             
