rxn_id_INCA,rxn_equation_INCA,lower_bound,upper_bound,used_,comment_,subsystem,objective_coefficient,gpr,genes,flux_units,fixed,free,weight,reversibility
ASAD,1.0*pi_c + 1.0*nadp_c + 1.0*aspsa_c (abcd) -> 1.0*h_c + 1.0*nadph_c + 1.0*4pasp_c (abcd),0,1000,TRUE,,Threonine and Lysine Metabolism,0,b3433,{b3433},mmol*gDW-1*hr-1,,,,FALSE
ASPK,1.0*atp_c + 1.0*asp_DASH_L_c (abcd) -> 1.0*4pasp_c (abcd) + 1.0*adp_c,0,1000,TRUE,,Threonine and Lysine Metabolism,0,(b0002 or b3940 or b4024),"{b3940,b0002,b4024}",mmol*gDW-1*hr-1,,,,FALSE
ATHRDHr,1.0*nadp_c + 1.0*athr_DASH_L_c -> 1.0*h_c + 1.0*nadph_c + 1.0*2aobut_c,0,1000,TRUE,,Threonine and Lysine Metabolism,0,b1539,{b1539},mmol*gDW-1*hr-1,,,,FALSE
DAPE,1.0*26dap_DASH_LL_c (abcdefg) -> 1.0*26dap_DASH_M_c (abcdefg),0,1000,TRUE,,Threonine and Lysine Metabolism,0,b3809,{b3809},mmol*gDW-1*hr-1,,,,FALSE
HSDy,1.0*nadp_c + 1.0*hom_DASH_L_c (abcd) -> 1.0*h_c + 1.0*nadph_c + 1.0*aspsa_c (abcd),0,1000,TRUE,,Threonine and Lysine Metabolism,0,(b3940 or b0002),"{b3940,b0002}",mmol*gDW-1*hr-1,,,,FALSE
SDPDS,1.0*sl26da_c (abcdefghijk) + 1.0*h2o_c -> 1.0*26dap_DASH_LL_c (abcdefg) + 1.0*succ_c (hijk),0,1000,TRUE,,Threonine and Lysine Metabolism,0,b2472,{b2472},mmol*gDW-1*hr-1,,,,FALSE
SDPTA,1.0*sl26da_c (fghijklmnop) + 1.0*akg_c (abcde) -> 1.0*sl2a6o_c (fghijklmnop) + 1.0*glu_DASH_L_c (abcde),0,1000,TRUE,,Threonine and Lysine Metabolism,0,b3359,{b3359},mmol*gDW-1*hr-1,,,,FALSE
THRAi,1.0*thr_DASH_L_c (abcd) -> 1.0*gly_c (ab) + 1.0*acald_c (cd),0,1000,TRUE,,Threonine and Lysine Metabolism,0,(b2551 or b0870),"{b2551,b0870}",mmol*gDW-1*hr-1,,,,FALSE
ASAD_reverse,1.0*h_c + 1.0*nadph_c + 1.0*4pasp_c (abcd) -> 1.0*pi_c + 1.0*nadp_c + 1.0*aspsa_c (abcd),0,1000,TRUE,,Threonine and Lysine Metabolism,0,b3433,{b3433},mmol*gDW-1*hr-1,,,,FALSE
ASPK_reverse,1.0*adp_c + 1.0*4pasp_c (abcd) -> 1.0*asp_DASH_L_c (abcd) + 1.0*atp_c,0,1000,TRUE,,Threonine and Lysine Metabolism,0,(b0002 or b3940 or b4024),"{b3940,b0002,b4024}",mmol*gDW-1*hr-1,,,,FALSE
ATHRDHr_reverse,1.0*h_c + 1.0*nadph_c + 1.0*2aobut_c -> 1.0*nadp_c + 1.0*athr_DASH_L_c,0,1000,TRUE,,Threonine and Lysine Metabolism,0,b1539,{b1539},mmol*gDW-1*hr-1,,,,FALSE
DAPE_reverse,1.0*26dap_DASH_M_c (abcdefg) -> 1.0*26dap_DASH_LL_c (abcdefg),0,1000,TRUE,,Threonine and Lysine Metabolism,0,b3809,{b3809},mmol*gDW-1*hr-1,,,,FALSE
HSDy_reverse,1.0*h_c + 1.0*nadph_c + 1.0*aspsa_c (abcd) -> 1.0*nadp_c + 1.0*hom_DASH_L_c (abcd),0,1000,TRUE,,Threonine and Lysine Metabolism,0,(b3940 or b0002),"{b3940,b0002}",mmol*gDW-1*hr-1,,,,FALSE
SDPTA_reverse,1.0*sl2a6o_c (fghijklmnop) + 1.0*glu_DASH_L_c (abcde) -> 1.0*sl26da_c (fghijklmnop) + 1.0*akg_c (abcde),0,1000,TRUE,,Threonine and Lysine Metabolism,0,b3359,{b3359},mmol*gDW-1*hr-1,,,,FALSE
hom_DASH_L_to_thr_DASH_L,1.0*atp_c + 1.0*h2o_c + 1.0*hom_DASH_L_c (abcd) -> 1.0*h_c + 1.0*pi_c + 1.0*thr_DASH_L_c (abcd) + 1.0*adp_c,0,1000,TRUE,,Threonine and Lysine Metabolism,0,"""""",{},mmol*gDW-1*hr-1,,,,FALSE
aspsa_to_sl2a6o,1.0*pyr_c (efg) + 1.0*succoa_c (hijk) + 1.0*aspsa_c (abcd) + 1.0*nadph_c -> 1.0*coa_c + 1.0*h2o_c + 1.0*sl2a6o_c (abcdgfehijk) + 1.0*nadp_c,0,1000,TRUE,,Threonine and Lysine Metabolism,0,"""""",{},mmol*gDW-1*hr-1,,,,FALSE
DAPDC,1.0*26dap_DASH_M_c (abcdefg) + h_c -> 1.0*lys_DASH_L_c (abcdef) + 1.0*co2_c (g),0,1000,TRUE,,Threonine and Lysine Metabolism,0,b2838,{b2838},mmol*gDW-1*hr-1,,,,FALSE
ACONTa,1.0*cit_c (abcdef) -> 1.0*acon_DASH_C_c (abcdef) + h2o_c,0,1000,TRUE,,Citric Acid Cycle,0,(b0118 or b1276),"{b1276,b0118}",mmol*gDW-1*hr-1,,,,FALSE
ACONTb,acon_DASH_C_c (abcdef) + h2o_c --> icit_c (abcdef),0,1000,TRUE,,Citric Acid Cycle,0,(b0118 or b1276),"{b1276,b0118}",mmol*gDW-1*hr-1,,,,FALSE
ACONTa_reverse,acon_DASH_C_c (abcdef) + h2o_c --> cit_c (abcdef),0,1000,TRUE,,Citric Acid Cycle,0,(b0118 or b1276),"{b1276,b0118}",mmol*gDW-1*hr-1,,,,FALSE
ACONTb_reverse,icit_c (abcdef) --> acon_DASH_C_c (abcdef) + h2o_c,0,1000,TRUE,,Citric Acid Cycle,0,(b0118 or b1276),"{b1276,b0118}",mmol*gDW-1*hr-1,,,,FALSE
AKGDH,coa_c + nad_c + akg_c (abcde) --> 1.0*succoa_c (bcde) + 1.0*co2_c (a) + nadh_c,0,1000,TRUE,,Citric Acid Cycle,0,(b0116 and b0726 and b0727),"{b0116,b0727,b0726}",mmol*gDW-1*hr-1,,,,FALSE
ALATA_L,1.0*akg_c (defgh) + 1.0*ala_DASH_L_c (abc) -> 1.0*glu_DASH_L_c (defgh) + 1.0*pyr_c (abc),0,1000,TRUE,,Alanine and Aspartate Metabolism,0,(b2290 or b2379),"{b2379,b2290}",mmol*gDW-1*hr-1,,,,FALSE
ALATA_L_reverse,1.0*glu_DASH_L_c (defgh) + 1.0*pyr_c (abc) -> 1.0*akg_c (defgh) + 1.0*ala_DASH_L_c (abc),0,1000,TRUE,,Alanine and Aspartate Metabolism,0,(b2290 or b2379),"{b2379,b2290}",mmol*gDW-1*hr-1,,,,FALSE
ABTA,1.0*akg_c (efghi) + 1.0*4abut_c (abcd) -> 1.0*sucsal_c (abcd) + 1.0*glu_DASH_L_c (efghi),0,1000,TRUE,,Arginine and Proline Metabolism,0,(b2662 or b1302),"{b2662,b1302}",mmol*gDW-1*hr-1,,,,FALSE
ACODA,1.0*acorn_c (abcdefg) + 1.0*h2o_c -> 1.0*ac_c (fg) + 1.0*orn_c (abcde),0,1000,TRUE,,Arginine and Proline Metabolism,0,b3957,{b3957},mmol*gDW-1*hr-1,,,,FALSE
ACOTA,1.0*acorn_c (abcdefg) + 1.0*akg_c (hijkl) -> 1.0*acg5sa_c (abcdefg) + 1.0*glu_DASH_L_c (hijkl),0,1000,TRUE,,Arginine and Proline Metabolism,0,(b1748 or b3359),"{b3359,b1748}",mmol*gDW-1*hr-1,,,,FALSE
ADMDC,1.0*h_c + 1.0*amet_c (abcde) -> 1.0*ametam_c (bcde) + 1.0*co2_c (a),0,1000,TRUE,,Arginine and Proline Metabolism,0,b0120,{b0120},mmol*gDW-1*hr-1,,,,FALSE
AGPR,1.0*nadp_c + 1.0*pi_c + 1.0*acg5sa_c (abcdefg) -> 1.0*h_c + 1.0*acg5p_c (abcdefg) + 1.0*nadph_c,0,1000,TRUE,,Arginine and Proline Metabolism,0,b3958,{b3958},mmol*gDW-1*hr-1,,,,FALSE
ARGSL,1.0*argsuc_c (abcdefghij) -> 1.0*arg_DASH_L_c (abcdef) + 1.0*fum_c (jghi),0,1000,TRUE,,Arginine and Proline Metabolism,0,b3960,{b3960},mmol*gDW-1*hr-1,,,,FALSE
ARGSS,1.0*atp_c + 1.0*asp_DASH_L_c (abcd) + 1.0*citr_DASH_L_c (efghij) -> 1.0*argsuc_c (efghijbcda) + 1.0*h_c + 1.0*amp_c + 1.0*ppi_c,0,1000,TRUE,,Arginine and Proline Metabolism,0,b3172,{b3172},mmol*gDW-1*hr-1,,,,FALSE
CBPS,1.0*atp_c + 1.0*h2o_c + 1.0*gln_DASH_L_c (abcde) + 1.0*hco3_c (f) -> 1.0*pi_c + 2.0*h_c + 1.0*cbp_c (f) + 1.0*adp_c + 1.0*glu_DASH_L_c (abcde),0,1000,TRUE,,Arginine and Proline Metabolism,0,(b0032 and b0033),"{b0032,b0033}",mmol*gDW-1*hr-1,,,,FALSE
G5SADs,1.0*glu5sa_c (abcde) -> 1.0*1pyr5c_c (abcde) + 1.0*h2o_c + 1.0*h_c,0,1000,TRUE,,Arginine and Proline Metabolism,0,s0001,{s0001},mmol*gDW-1*hr-1,,,,FALSE
GHBDHx,1.0*sucsal_c (abcd) + 1.0*h_c + 1.0*nadh_c -> 1.0*nad_c + 1.0*ghb_c (abcd),0,1000,TRUE,,Arginine and Proline Metabolism,0,b3882,{b3882},mmol*gDW-1*hr-1,,,,FALSE
MTAN,1.0*h2o_c + 1.0*5mta_c (a) -> 1.0*5mtr_c (a) + 1.0*ade_c,0,1000,TRUE,,Arginine and Proline Metabolism,0,b0159,{b0159},mmol*gDW-1*hr-1,,,,FALSE
NACODA,1.0*h2o_c + 1.0*acg5sa_c (abcdefg) -> 1.0*ac_c (fg) + 1.0*glu5sa_c (abcde),0,1000,TRUE,,Arginine and Proline Metabolism,0,b3957,{b3957},mmol*gDW-1*hr-1,,,,FALSE
OCBT,1.0*orn_c (bcdef) + 1.0*cbp_c (a) -> 1.0*pi_c + 1.0*h_c + 1.0*citr_DASH_L_c (bcdefa),0,1000,TRUE,,Arginine and Proline Metabolism,0,(b4254 or b0273),"{b0273,b4254}",mmol*gDW-1*hr-1,,,,FALSE
ORNDC,1.0*orn_c (abcde) + 1.0*h_c -> 1.0*ptrc_c (bcde) + 1.0*co2_c (a),0,1000,TRUE,,Arginine and Proline Metabolism,0,(b2965 or b0693),"{b0693,b2965}",mmol*gDW-1*hr-1,,,,FALSE
P5CD,1.0*1pyr5c_c (abcde) + 2.0*h2o_c + 1.0*nad_c -> 1.0*glu_DASH_L_c (abcde) + 1.0*h_c + 1.0*nadh_c,0,1000,TRUE,,Arginine and Proline Metabolism,0,b1014,{b1014},mmol*gDW-1*hr-1,,,,FALSE
P5CR,1.0*1pyr5c_c (abcde) + 2.0*h_c + 1.0*nadph_c -> 1.0*pro_DASH_L_c (abcde) + 1.0*nadp_c,0,1000,TRUE,,Arginine and Proline Metabolism,0,b0386,{b0386},mmol*gDW-1*hr-1,,,,FALSE
SPMS,1.0*ametam_c (abcd) + 1.0*ptrc_c (efgh) -> 1.0*h_c + 1.0*spmd_c (efghabc) + 1.0*5mta_c (d),0,1000,TRUE,,Arginine and Proline Metabolism,0,b0121,{b0121},mmol*gDW-1*hr-1,,,,FALSE
SSALx,1.0*sucsal_c (abcd) + 1.0*h2o_c + 1.0*nad_c -> 2.0*h_c + 1.0*succ_c (abcd) + 1.0*nadh_c,0,1000,TRUE,,Arginine and Proline Metabolism,0,b1525,{b1525},mmol*gDW-1*hr-1,,,,FALSE
SSALy,1.0*sucsal_c (abcd) + 1.0*h2o_c + 1.0*nadp_c -> 1.0*succ_c (abcd) + 2.0*h_c + 1.0*nadph_c,0,1000,TRUE,,Arginine and Proline Metabolism,0,(b2661 or b1525),"{b2661,b1525}",mmol*gDW-1*hr-1,,,,FALSE
ACOTA_reverse,1.0*acg5sa_c (abcdefg) + 1.0*glu_DASH_L_c (hijkl) -> 1.0*acorn_c (abcdefg) + 1.0*akg_c (hijkl),0,1000,TRUE,,Arginine and Proline Metabolism,0,(b1748 or b3359),"{b3359,b1748}",mmol*gDW-1*hr-1,,,,FALSE
AGPR_reverse,1.0*acg5p_c (abcdefg) + 1.0*nadph_c + 1.0*h_c -> 1.0*pi_c + 1.0*acg5sa_c (abcdefg) + 1.0*nadp_c,0,1000,TRUE,,Arginine and Proline Metabolism,0,b3958,{b3958},mmol*gDW-1*hr-1,,,,FALSE
ARGSL_reverse,1.0*arg_DASH_L_c (abcdef) + 1.0*fum_c (jghi) -> 1.0*argsuc_c (abcdefghij),0,1000,TRUE,,Arginine and Proline Metabolism,0,b3960,{b3960},mmol*gDW-1*hr-1,,,,FALSE
GHBDHx_reverse,1.0*ghb_c (abcd) + 1.0*nad_c -> 1.0*sucsal_c (abcd) + 1.0*h_c + 1.0*nadh_c,0,1000,TRUE,,Arginine and Proline Metabolism,0,b3882,{b3882},mmol*gDW-1*hr-1,,,,FALSE
OCBT_reverse,1.0*pi_c + 1.0*h_c + 1.0*citr_DASH_L_c (bcdefa) -> 1.0*orn_c (bcdef) + 1.0*cbp_c (a),0,1000,TRUE,,Arginine and Proline Metabolism,0,(b4254 or b0273),"{b0273,b4254}",mmol*gDW-1*hr-1,,,,FALSE
glu_DASH_L_to_glu5sa,1.0*h_c + 1.0*atp_c + 1.0*nadph_c + 1.0*glu_DASH_L_c (abcde) -> 1.0*glu5sa_c (abcde) + 1.0*pi_c + 1.0*nadp_c + 1.0*adp_c ,0,1000,TRUE,,Arginine and Proline Metabolism,0,"""""",{},mmol*gDW-1*hr-1,,,,FALSE
ptrc_to_4abut_1,1.0*ptrc_c (fghi) + 1.0*h2o_c + 1.0*nad_c + 1.0*akg_c (abcde) -> 2.0*h_c + 1.0*nadh_c + 1.0*glu_DASH_L_c (abcde) + 1.0*4abut_c (fghi),0,1000,TRUE,,Arginine and Proline Metabolism,0,"""""",{},mmol*gDW-1*hr-1,,,,FALSE
glu_DASH_L_to_acg5p,1.0*accoa_c (ab) + 1.0*atp_c + 1.0*glu_DASH_L_c (cdefg) -> 1.0*h_c + 1.0*acg5p_c (cdefgab) + 1.0*coa_c + 1.0*adp_c,0,1000,TRUE,,Arginine and Proline Metabolism,0,"""""",{},mmol*gDW-1*hr-1,,,,FALSE
ASTPathway,1.0*arg_DASH_L_c (abcdef) + 1.0*succoa_c (mnop) + 1.0*nad_c + 1.0*akg_c (ghijk) + 4.0*h2o_c -> 1.0*h_c + 1.0*coa_c + 1.0*co2_c (f) + 2.0*nh4_c + 1.0*succ_c (mnop) + 1.0*nadh_c + 1.0*glu_DASH_L_c (abcde) + 1.0*glu_DASH_L_c (ghijk),0,1000,TRUE,,Arginine and Proline Metabolism,0,"""""",{},mmol*gDW-1*hr-1,,,,FALSE
ASNS1,h2o_c + gln_DASH_L_c (efghi) + asp_DASH_L_c (abcd) + atp_c --> glu_DASH_L_c (efghi) + ppi_c + h_c + amp_c + asn_DASH_L_c (abcd),0,1000,TRUE,,Alanine and Aspartate Metabolism,0,b0674,{b0674},mmol*gDW-1*hr-1,,,,FALSE
ASNS2,atp_c + nh4_c + asp_DASH_L_c (abcd) --> ppi_c + h_c + amp_c + asn_DASH_L_c (abcd),0,1000,TRUE,,Alanine and Aspartate Metabolism,0,b3744,{b3744},mmol*gDW-1*hr-1,,,,FALSE
ASNN,h2o_c + asn_DASH_L_c (abcd) --> nh4_c + asp_DASH_L_c (abcd),0,1000,TRUE,,Alanine and Aspartate Metabolism,0,(b1767 or b0828),"{b0828,b1767}",mmol*gDW-1*hr-1,,,,FALSE
ASPTA_reverse,1.0*glu_DASH_L_c (efghi) + 1.0*oaa_c (abcd) -> 1.0*akg_c (efghi) + 1.0*asp_DASH_L_c (abcd),0,1000,TRUE,,Alanine and Aspartate Metabolism,0,b0928,{b0928},mmol*gDW-1*hr-1,,,,FALSE
ASPTA,1.0*akg_c (efghi) + 1.0*asp_DASH_L_c (abcd) -> 1.0*glu_DASH_L_c (efghi) + 1.0*oaa_c (abcd),0,1000,TRUE,,Alanine and Aspartate Metabolism,0,b0928,{b0928},mmol*gDW-1*hr-1,,,,FALSE
ATPM,atp_c + h2o_c --> adp_c + pi_c + h_c,3.15,1000,TRUE,,Unassigned,0,"""""",{},mmol*gDW-1*hr-1,,,,FALSE
CS,1.0*oaa_c (abcd) + 1.0*accoa_c (ef) + h2o_c --> coa_c + h_c + 1.0*cit_c (dcbfea),0,1000,TRUE,,Citric Acid Cycle,0,b0720,{b0720},mmol*gDW-1*hr-1,,,,FALSE
Ec_biomass_INCA,0.012379*nh4_c + 0.004126*so4_c + 0.03327*ptrc_c + 0.000223*chor_c + 0.154187*glycogen_c + 0.006744*spmd_c + 0.176*phe_DASH_L_c + 0.34*oaa_c + 0.326*lys_DASH_L_c + 53.95*h2o_c + 53.95*atp_c + 0.205*ser_DASH_L_c + 0.129*g3p_c + 0.131*tyr_DASH_L_c + 0.051*pep_c + 0.146*met_DASH_L_c + 0.050813*g6p_c + 0.087*akg_c + 0.25*glu_DASH_L_c + 0.25*gln_DASH_L_c + 0.754*r5p_c + 0.071*f6p_c + 0.083*pyr_c + 0.582*gly_c + 0.241*thr_DASH_L_c + 0.229*asp_DASH_L_c + 1.455*nad_c + 5.363*nadph_c + 0.087*cys_DASH_L_c + 0.619*3pg_c + 0.402*val_DASH_L_c + 0.488*ala_DASH_L_c + 0.276*ile_DASH_L_c + 0.229*asn_DASH_L_c + 0.09*his_DASH_L_c + 0.428*leu_DASH_L_c + 2.51*accoa_c + 0.281*arg_DASH_L_c + 0.21*pro_DASH_L_c + 0.054*trp_DASH_L_c --> 5.363*nadp_c + 53.95*adp_c + 53.95*h_c + 53.95*pi_c + 1.455*nadh_c + 2.51*coa_c ,0,1000,TRUE,,"""""",1,"""""",{},mmol*gDW-1*hr-1,,,,FALSE
EDA,1.0*2ddg6p_c (abcdef) -> 1.0*pyr_c (abc) + 1.0*g3p_c (def),0,1000,TRUE,,Pentose Phosphate Pathway,0,b1850,{b1850},mmol*gDW-1*hr-1,,,,FALSE
EDD,1.0*6pgc_c (abcdef) -> 1.0*2ddg6p_c (abcdef),0,1000,TRUE,,Pentose Phosphate Pathway,0,b1851,{b1851},mmol*gDW-1*hr-1,,,,FALSE
ENO,2pg_c (abc) --> pep_c (abc) + h2o_c,0,1000,TRUE,,Glycolysis/Gluconeogenesis,0,b2779,{b2779},mmol*gDW-1*hr-1,,,,FALSE
PYK,h_c + pep_c (abc) + adp_c --> atp_c + pyr_c (abc),0,1000,TRUE,,Glycolysis/Gluconeogenesis,0,(b1854 or b1676),"{b1854,b1676}",mmol*gDW-1*hr-1,,,,FALSE
EX_ac_LPAREN_e_RPAREN_,1.0*ac_e (ab) ->,0,1000,TRUE,,"""""",0,"""""",{},mmol*gDW-1*hr-1,,,,FALSE
EX_co2_LPAREN_e_RPAREN_,1.0*co2_e (a) ->,0,1000,TRUE,,"""""",0,"""""",{},mmol*gDW-1*hr-1,,,,FALSE
EX_co2_LPAREN_e_RPAREN__unlabeled,1.0*co2_e.unlabeled (a) + 1.0*co2_e (b) -> 1.0*co2_e.out (b) + 1.0*co2_e (a),0,1000,TRUE,,"""""",0,"""""",{},mmol*gDW-1*hr-1,,,,FALSE
EX_glc_LPAREN_e_RPAREN_,--> 1.0*glc_DASH_D_e (abcdef),0,10,TRUE,,"""""",0,"""""",{},mmol*gDW-1*hr-1,,,,FALSE
EX_nh4_LPAREN_e_RPAREN_,--> 1.0*nh4_e,0,1000,TRUE,,"""""",0,"""""",{},mmol*gDW-1*hr-1,,,,FALSE
EX_o2_LPAREN_e_RPAREN_,-> 1.0*o2_e,0,18,TRUE,,"""""",0,"""""",{},mmol*gDW-1*hr-1,,,,FALSE
EX_so4_LPAREN_e_RPAREN_,-> 1.0*so4_e,0,1000,TRUE,,"""""",0,"""""",{},mmol*gDW-1*hr-1,,,,FALSE
FBA,1.0*fdp_c (abcdef) -> 1.0*dhap_c (cba) + 1.0*g3p_c (def),0,1000,TRUE,,Glycolysis/Gluconeogenesis,0,(b2097 or b1773 or b2925),"{b1773,b2925,b2097}",mmol*gDW-1*hr-1,,,,FALSE
FBA_reverse,1.0*dhap_c (cba) + 1.0*g3p_c (def) -> 1.0*fdp_c (abcdef),0,1000,TRUE,,Glycolysis/Gluconeogenesis,0,(b2097 or b1773 or b2925),"{b1773,b2925,b2097}",mmol*gDW-1*hr-1,,,,FALSE
FBP,fdp_c (abcdef) + h2o_c --> pi_c + f6p_c (abcdef),0,1000,TRUE,,Glycolysis/Gluconeogenesis,0,(b3925 or b4232 or b2930),"{b3925,b4232,b2930}",mmol*gDW-1*hr-1,,,,FALSE
FUM,h2o_c + 1.0*fum_c (abcd) -> 1.0*mal_DASH_L_c (abcd),0,1000,TRUE,,Citric Acid Cycle,0,(b1612 or b4122 or b1611),"{b4122,b1611,b1612}",mmol*gDW-1*hr-1,,,,FALSE
FUM_reverse,1.0*mal_DASH_L_c (abcd) -> h2o_c + 1.0*fum_c (abcd),0,1000,TRUE,,Citric Acid Cycle,0,(b1612 or b4122 or b1611),"{b4122,b1611,b1612}",mmol*gDW-1*hr-1,,,,FALSE
G6PDH2r,g6p_c (abcdef) + nadp_c --> h_c + 6pgl_c (abcdef) + nadph_c,0,1000,TRUE,,Pentose Phosphate Pathway,0,b1852,{b1852},mmol*gDW-1*hr-1,,,,FALSE
PGL,h2o_c + 6pgl_c (abcdef) --> h_c + 6pgc_c (abcdef),0,1000,TRUE,,Pentose Phosphate Pathway,0,b0767,{b0767},mmol*gDW-1*hr-1,,,,FALSE
GAPD,pi_c + nad_c + g3p_c (abc) --> h_c + 13dpg_c (abc) + nadh_c,0,1000,TRUE,,Glycolysis/Gluconeogenesis,0,b1779,{b1779},mmol*gDW-1*hr-1,,,,FALSE
GAPD_reverse,13dpg_c (abc) + h_c + nadh_c --> pi_c + nad_c + g3p_c (abc),0,1000,TRUE,,Glycolysis/Gluconeogenesis,0,b1779,{b1779},mmol*gDW-1*hr-1,,,,FALSE
PGK,atp_c + 3pg_c (abc) --> 13dpg_c (abc) + adp_c,0,1000,TRUE,,Glycolysis/Gluconeogenesis,0,b2926,{b2926},mmol*gDW-1*hr-1,,,,FALSE
PGK_reverse,13dpg_c (abc) + adp_c --> atp_c + 3pg_c (abc),0,1000,TRUE,,Glycolysis/Gluconeogenesis,0,b2926,{b2926},mmol*gDW-1*hr-1,,,,FALSE
GHMT2r,ser_DASH_L_c (abc) + thf_c -> h2o_c + mlthf_c (c) + gly_c (ab),0,1000,TRUE,,Glycine and Serine Metabolism,0,b2551,{b2551},mmol*gDW-1*hr-1,,,,FALSE
GHMT2r_reverse,h2o_c + mlthf_c (c) + gly_c (ab) -> ser_DASH_L_c (abc) + thf_c,0,1000,TRUE,,Glycine and Serine Metabolism,0,b2551,{b2551},mmol*gDW-1*hr-1,,,,FALSE
GLCptspp,1.0*pep_c (ghi) + 1.0*glc_DASH_D_p (abcdef) -> 1.0*pyr_c (ghi) + 1.0*g6p_c (abcdef),0,1000,TRUE,,"Transport, Inner Membrane",0,((b2417 and b1621 and b2415 and b2416) or (b2417 and b1101 and b2415 and b2416) or (b1817 and b1818 and b1819 and b2415 and b2416)),"{b1818,b1101,b1621,b2416,b1817,b2417,b2415,b1819}",mmol*gDW-1*hr-1,,,,FALSE
GLCt2pp,1.0*glc_DASH_D_p (abcdef) -> 1.0*glc_DASH_D_c (abcdef),0,1000,TRUE,,"Transport, Inner Membrane",0,b2943,{b2943},mmol*gDW-1*hr-1,,,,FALSE
GLCtex,1.0*glc_DASH_D_e (abcdef) -> 1.0*glc_DASH_D_p (abcdef),0,1000,TRUE,,"Transport, Outer Membrane Porin",0,(b0241 or b0929 or b1377 or b2215),"{b2215,b0929,b1377,b0241}",mmol*gDW-1*hr-1,,,,FALSE
GLCtex_reverse,1.0*glc_DASH_D_p (abcdef) -> 1.0*glc_DASH_D_e (abcdef),0,1000,TRUE,,"Transport, Outer Membrane Porin",0,(b0241 or b0929 or b1377 or b2215),"{b2215,b0929,b1377,b0241}",mmol*gDW-1*hr-1,,,,FALSE
GLNS,nh4_c + atp_c + glu_DASH_L_c (abcde) --> gln_DASH_L_c (abcde) + adp_c + pi_c + h_c,0,1000,TRUE,,Glutamate Metabolism,0,(b3870 or b1297),"{b1297,b3870}",mmol*gDW-1*hr-1,,,,FALSE
GLUN,h2o_c + gln_DASH_L_c (abcde) --> nh4_c + glu_DASH_L_c (abcde),0,1000,TRUE,,Glutamate Metabolism,0,(b1812 or b0485 or b1524),"{b0485,b1524,b1812}",mmol*gDW-1*hr-1,,,,FALSE
GLUSy,h_c + gln_DASH_L_c (abcde) + akg_c (fghij) + nadph_c --> nadp_c + glu_DASH_L_c (abcde) + glu_DASH_L_c (fghij),0,1000,TRUE,,Glutamate Metabolism,0,(b3212 and b3213),"{b3213,b3212}",mmol*gDW-1*hr-1,,,,FALSE
GLUDC,1.0*h_c + 1.0*glu_DASH_L_c (abcde) -> 1.0*co2_c (a) + 1.0*4abut_c (edcb),0,1000,TRUE,,Glutamate Metabolism,0,(b3517 or b1493),"{b3517,b1493}",mmol*gDW-1*hr-1,,,,FALSE
GND,6pgc_c (abcdef) + nadp_c --> 1.0*ru5p_DASH_D_c (bcdef) + 1.0*co2_c (a) + nadph_c,0,1000,TRUE,,Pentose Phosphate Pathway,0,b2029,{b2029},mmol*gDW-1*hr-1,,,,FALSE
HEX1,1.0*glc_DASH_D_c (abcdef) + 1.0*atp_c -> 1.0*g6p_c (abcdef) + adp_c + h_c,0,1000,TRUE,,Glycolysis/Gluconeogenesis,0,b2388,{b2388},mmol*gDW-1*hr-1,,,,FALSE
prpp_to_his_DASH_L,1.0*10fthf_c (f) + 1.0*prpp_c (abcde) + 1.0*gln_DASH_L_c (ghijk) + 4.0*atp_c + 1.0*asp_DASH_L_c (lmno) + 2.0*nad_c + 4*h2o_c -> 2.0*nadh_c + 1.0*his_DASH_L_c (edcbaf) + 1.0*akg_c (ghijk) + 1.0*fum_c (lmno) + 4.0*adp_c + 9.0*h_c + thf_c + 5*pi_c + ppi_c,0,1000,TRUE,"rxn_mets = {}
rxn_mets[ijo1366.metabolites.get_by_id('10fthf_c')] = 1
rxn_mets[ijo1366.metabolites.get_by_id('prpp_c')] = 1
rxn_mets[ijo1366.metabolites.get_by_id('gln_DASH_L_c')] = 1
rxn_mets[ijo1366.metabolites.get_by_id('atp_c')] = 4
rxn_mets[ijo1366.metabolites.get_by_id('asp_DASH_L_c')] = 1
rxn_mets[ijo1366.metabolites.get_by_id('nad_c')] = 2
rxn_mets[ijo1366.metabolites.get_by_id('h2o_c')] = 4
rxn_mets[ijo1366.metabolites.get_by_id('nadh_c')] = -2
rxn_mets[ijo1366.metabolites.get_by_id('his_DASH_L_c')] = -1
rxn_mets[ijo1366.metabolites.get_by_id('akg_c')] = -1
rxn_mets[ijo1366.metabolites.get_by_id('fum_c')] = -1
rxn_mets[ijo1366.metabolites.get_by_id('adp_c')] = -4
rxn_mets[ijo1366.metabolites.get_by_id('h_c')] = -9
rxn_mets[ijo1366.metabolites.get_by_id('thf_c')] = -1
rxn_mets[ijo1366.metabolites.get_by_id('pi_c')] = -5
rxn_mets[ijo1366.metabolites.get_by_id('ppi_c')] = -1
rxn = Reaction('prpp_to_his_DASH_L_c')
rxn.add_metabolites(rxn_mets);
rxn.check_mass_balance()",Histidine Metabolism,0,"""""",{},mmol*gDW-1*hr-1,,,,FALSE
ICDHyr,nadp_c + 1.0*icit_c (abcdef) -> 1.0*akg_c (abcde) + 1.0*nadph_c + 1.0*co2_c (f),0,1000,TRUE,,Citric Acid Cycle,0,b1136,{b1136},mmol*gDW-1*hr-1,,,,FALSE
ICDHyr_reverse,1.0*akg_c (abcde) + 1.0*nadph_c + 1.0*co2_c (f) -> nadp_c + 1.0*icit_c (abcdef),0,1000,TRUE,,Citric Acid Cycle,0,b1136,{b1136},mmol*gDW-1*hr-1,,,,FALSE
ICL,1.0*icit_c (abcdef) -> 1.0*succ_c (edcf) + 1.0*glx_c (ab),0,1000,TRUE,,Anaplerotic Reactions,0,b4015,{b4015},mmol*gDW-1*hr-1,,,,FALSE
DHAD1,1.0*23dhmb_c (abcde) -> 1.0*h2o_c + 1.0*3mob_c (abcde),0,1000,TRUE,,"Valine, Leucine, and Isoleucine Metabolism",0,b3771,{b3771},mmol*gDW-1*hr-1,,,,FALSE
ILETA,1.0*ile_DASH_L_c (fghijk) + 1.0*akg_c (abcde) -> 1.0*3mop_c (fghijk) + 1.0*glu_DASH_L_c (abcde),0,1000,TRUE,,"Valine, Leucine, and Isoleucine Metabolism",0,b3770,{b3770},mmol*gDW-1*hr-1,,,,FALSE
IPMD,1.0*nad_c + 1.0*3c2hmp_c (abcdefg) -> 1.0*3c4mop_c (abcdefg) + 1.0*h_c + 1.0*nadh_c,0,1000,TRUE,,"Valine, Leucine, and Isoleucine Metabolism",0,b0073,{b0073},mmol*gDW-1*hr-1,,,,FALSE
IPPMIa,1.0*3c2hmp_c (abcdefg) -> 1.0*2ippm_c (abcdefg) + 1.0*h2o_c,0,1000,TRUE,,"Valine, Leucine, and Isoleucine Metabolism",0,(b0071 and b0072),"{b0072,b0071}",mmol*gDW-1*hr-1,,,,FALSE
IPPMIb,1.0*2ippm_c (abcdefg) + 1.0*h2o_c -> 1.0*3c3hmp_c (abcdefg),0,1000,TRUE,,"Valine, Leucine, and Isoleucine Metabolism",0,(b0071 and b0072),"{b0072,b0071}",mmol*gDW-1*hr-1,,,,FALSE
IPPS,1.0*h2o_c + 1.0*accoa_c (fg) + 1.0*3mob_c (abcde) -> 1.0*3c3hmp_c (fgbcdae) + 1.0*coa_c + 1.0*h_c,0,1000,TRUE,,"Valine, Leucine, and Isoleucine Metabolism",0,b0074,{b0074},mmol*gDW-1*hr-1,,,,FALSE
LEUTAi,1.0*4mop_c (abcdef) + 1.0*glu_DASH_L_c (ghijk) -> 1.0*akg_c (ghijk) + 1.0*leu_DASH_L_c (abcdef),0,1000,TRUE,,"Valine, Leucine, and Isoleucine Metabolism",0,(b3770 or b4054),"{b4054,b3770}",mmol*gDW-1*hr-1,,,,FALSE
OMCDC,1.0*3c4mop_c (abcdefg) + 1.0*h_c -> 1.0*4mop_c (abcdeg) + 1.0*co2_c (f),0,1000,TRUE,,"Valine, Leucine, and Isoleucine Metabolism",0,s0001,{s0001},mmol*gDW-1*hr-1,,,,FALSE
THRD_L,1.0*thr_DASH_L_c (abcd) -> 1.0*2obut_c (abcd) + 1.0*nh4_c,0,1000,TRUE,,"Valine, Leucine, and Isoleucine Metabolism",0,(b3117 or b3772),"{b3117,b3772}",mmol*gDW-1*hr-1,,,,FALSE
VALTA,1.0*akg_c (abcde) + 1.0*val_DASH_L_c (fghij) -> 1.0*glu_DASH_L_c (abcde) + 1.0*3mob_c (fghij),0,1000,TRUE,,"Valine, Leucine, and Isoleucine Metabolism",0,b3770,{b3770},mmol*gDW-1*hr-1,,,,FALSE
VPAMTr,1.0*ala_DASH_L_c (fgh) + 1.0*3mob_c (abcde) -> 1.0*pyr_c (fgh) + 1.0*val_DASH_L_c (abcde),0,1000,TRUE,,"Valine, Leucine, and Isoleucine Metabolism",0,b3572,{b3572},mmol*gDW-1*hr-1,,,,FALSE
ILETA_reverse,1.0*3mop_c (fghijk) + 1.0*glu_DASH_L_c (abcde) -> 1.0*ile_DASH_L_c (fghijk) + 1.0*akg_c (abcde),0,1000,TRUE,,"Valine, Leucine, and Isoleucine Metabolism",0,b3770,{b3770},mmol*gDW-1*hr-1,,,,FALSE
IPPMIa_reverse,1.0*2ippm_c (abcdefg) + 1.0*h2o_c -> 1.0*3c2hmp_c (abcdefg),0,1000,TRUE,,"Valine, Leucine, and Isoleucine Metabolism",0,(b0071 and b0072),"{b0072,b0071}",mmol*gDW-1*hr-1,,,,FALSE
IPPMIb_reverse,1.0*3c3hmp_c (abcdefg) -> 1.0*2ippm_c (abcdefg) + 1.0*h2o_c,0,1000,TRUE,,"Valine, Leucine, and Isoleucine Metabolism",0,(b0071 and b0072),"{b0072,b0071}",mmol*gDW-1*hr-1,,,,FALSE
VALTA_reverse,1.0*glu_DASH_L_c (abcde) + 1.0*3mob_c (fghij) -> 1.0*akg_c (abcde) + 1.0*val_DASH_L_c (fghij),0,1000,TRUE,,"Valine, Leucine, and Isoleucine Metabolism",0,b3770,{b3770},mmol*gDW-1*hr-1,,,,FALSE
VPAMTr_reverse,1.0*pyr_c (abc) + 1.0*val_DASH_L_c (defgh) -> 1.0*ala_DASH_L_c (abc) + 1.0*3mob_c (defgh),0,1000,TRUE,,"Valine, Leucine, and Isoleucine Metabolism",0,b3572,{b3572},mmol*gDW-1*hr-1,,,,FALSE
pyr_to_23dhmb,2.0*h_c + 1.0*pyr_c (abc) + 1.0*pyr_c (def) + 1.0*nadph_c -> 1.0*nadp_c + 1.0*23dhmb_c (debcf) + 1.0*co2_c (a),0,1000,TRUE,,"Valine, Leucine, and Isoleucine Metabolism",0,"""""",{},mmol*gDW-1*hr-1,,,,FALSE
2obut_and_pyr_to_3mop,1.0*2obut_c (abcd) + 2.0*h_c + 1.0*pyr_c (efg) + 1.0*nadph_c -> 1.0*nadp_c + 1.0*3mop_c (abfcdg) + 1.0*co2_c (e) + 1.0*h2o_c,0,1000,TRUE,,"Valine, Leucine, and Isoleucine Metabolism",0,"""""",{},mmol*gDW-1*hr-1,,,,FALSE
MALS,h2o_c + 1.0*glx_c (ab) + 1.0*accoa_c (cd) --> 1.0*mal_DASH_L_c (abdc) + h_c + coa_c,0,1000,TRUE,,Anaplerotic Reactions,0,(b4014 or b2976),"{b2976,b4014}",mmol*gDW-1*hr-1,,,,FALSE
MDH,mal_DASH_L_c (abcd) + nad_c --> h_c + oaa_c (abcd) + nadh_c,0,1000,TRUE,,Citric Acid Cycle,0,b3236,{b3236},mmol*gDW-1*hr-1,,,,FALSE
MDH2,mal_DASH_L_c (abcd) + q8_c --> q8h2_c + oaa_c (abcd),0,1000,TRUE,,Citric Acid Cycle,0,b2210,{b2210},mmol*gDW-1*hr-1,,,,FALSE
MDH3,mal_DASH_L_c (abcd) + mqn8_c --> mql8_c + oaa_c (abcd),0,1000,TRUE,,Citric Acid Cycle,0,b2210,{b2210},mmol*gDW-1*hr-1,,,,FALSE
MDH_reverse,1.0*oaa_c (abcd) + 1.0*nadh_c -> 1.0*mal_DASH_L_c (abcd) + nad_c,0,1000,TRUE,,Citric Acid Cycle,0,b3236,{b3236},mmol*gDW-1*hr-1,,,,FALSE
ME1,1.0*mal_DASH_L_c (abcd) + nad_c -> 1.0*pyr_c (abc) + 1.0*nadh_c + 1.0*co2_c (d),0,1000,TRUE,,Anaplerotic Reactions,0,b1479,{b1479},mmol*gDW-1*hr-1,,,,FALSE
ME2,1.0*mal_DASH_L_c (abcd) + nadp_c -> 1.0*pyr_c (abc) + 1.0*co2_c (d) + 1.0*nadph_c,0,1000,TRUE,,Anaplerotic Reactions,0,b2463,{b2463},mmol*gDW-1*hr-1,,,,FALSE
FOMETRi,5fthf_c (a) + h_c --> methf_c (a) + h2o_c,0,1000,TRUE,,Folate Metabolism,0,b2912,{b2912},mmol*gDW-1*hr-1,,,,FALSE
FTHFD,10fthf_c (a) + h2o_c --> h_c + thf_c + for_c (a),0,1000,TRUE,,Folate Metabolism,0,b1232,{b1232},mmol*gDW-1*hr-1,,,,FALSE
FTHFLi,atp_c + thf_c + for_c (a) --> 10fthf_c (a) + pi_c + adp_c,0,1000,TRUE,,Folate Metabolism,0,"""""",{},mmol*gDW-1*hr-1,,,,FALSE
GLYCL,thf_c + gly_c (ab) + nad_c --> co2_c (a) + nh4_c + nadh_c + mlthf_c (b),0,1000,TRUE,,Folate Metabolism,0,(b2904 and b2903 and b2905 and b0116),"{b2904,b0116,b2903,b2905}",mmol*gDW-1*hr-1,,,,FALSE
MTHFR2,2 h_c + nadh_c + mlthf_c (a) --> nad_c + 5mthf_c (a),0,1000,TRUE,,Folate Metabolism,0,b3941,{b3941},mmol*gDW-1*hr-1,,,,FALSE
THFAT,methf_c (a) + h2o_c --> 5fthf_c (a) + h_c,0,1000,TRUE,,Folate Metabolism,0,b2551,{b2551},mmol*gDW-1*hr-1,,,,FALSE
MTHFC,methf_c (a) + h2o_c --> 10fthf_c (a) + h_c,0,1000,TRUE,,Folate Metabolism,0,b0529,{b0529},mmol*gDW-1*hr-1,,,,FALSE
MTHFC_reverse,10fthf_c (a) + h_c --> methf_c (a) + h2o_c,0,1000,TRUE,,Folate Metabolism,0,b0529,{b0529},mmol*gDW-1*hr-1,,,,FALSE
MTHFD,nadp_c + mlthf_c (a) --> methf_c (a) + nadph_c,0,1000,TRUE,,Folate Metabolism,0,b0529,{b0529},mmol*gDW-1*hr-1,,,,FALSE
MTHFD_reverse,methf_c (a) + nadph_c --> nadp_c + mlthf_c (a),0,1000,TRUE,,Folate Metabolism,0,b0529,{b0529},mmol*gDW-1*hr-1,,,,FALSE
ATPS4rpp,pi_c + 4 h_p + adp_c --> 3 h_c + atp_c + h2o_c,0,1000,TRUE,,Oxidative Phosphorylation,0,(((b3736 and b3737 and b3738) and (b3731 and b3732 and b3733 and b3734 and b3735) and b3739) or ((b3736 and b3737 and b3738) and (b3731 and b3732 and b3733 and b3734 and b3735))),"{b3733,b3735,b3738,b3739,b3734,b3737,b3731,b3736,b3732}",mmol*gDW-1*hr-1,,,,FALSE
CYTBD2pp,mql8_c + 0.5 o2_c + 2 h_c --> h2o_c + 2 h_p + mqn8_c,0,1000,TRUE,,Oxidative Phosphorylation,0,(b0978 and b0979),"{b0979,b0978}",mmol*gDW-1*hr-1,,,,FALSE
CYTBDpp,0.5 o2_c + 2 h_c + q8h2_c --> h2o_c + q8_c + 2 h_p,0,1000,TRUE,,Oxidative Phosphorylation,0,((b0978 and b0979) or (b0733 and b0734)),"{b0979,b0978,b0733,b0734}",mmol*gDW-1*hr-1,,,,FALSE
CYTBO3_4pp,4 h_c + 0.5 o2_c + q8h2_c --> h2o_c + q8_c + 4 h_p,0,1000,TRUE,,Oxidative Phosphorylation,0,(b0429 and b0430 and b0431 and b0432),"{b0430,b0431,b0429,b0432}",mmol*gDW-1*hr-1,,,,FALSE
NADH10,h_c + nadh_c + mqn8_c --> mql8_c + nad_c,0,1000,TRUE,,Oxidative Phosphorylation,0,b1109,{b1109},mmol*gDW-1*hr-1,,,,FALSE
NADH16pp,4 h_c + q8_c + nadh_c --> q8h2_c + nad_c + 3 h_p,0,1000,TRUE,,Oxidative Phosphorylation,0,(b2276 and b2277 and b2278 and b2279 and b2280 and b2281 and b2282 and b2283 and b2284 and b2285 and b2286 and b2287 and b2288),"{b2278,b2279,b2288,b2276,b2280,b2283,b2286,b2277,b2285,b2282,b2287,b2284,b2281}",mmol*gDW-1*hr-1,,,,FALSE
NADH17pp,4 h_c + nadh_c + mqn8_c --> mql8_c + nad_c + 3 h_p,0,1000,TRUE,,Oxidative Phosphorylation,0,(b2276 and b2277 and b2278 and b2279 and b2280 and b2281 and b2282 and b2283 and b2284 and b2285 and b2286 and b2287 and b2288),"{b2278,b2279,b2288,b2276,b2287,b2283,b2286,b2277,b2285,b2282,b2280,b2284,b2281}",mmol*gDW-1*hr-1,,,,FALSE
NADH18pp,4 h_c + nadh_c + 2dmmq8_c --> nad_c + 3 h_p + 2dmmql8_c,0,1000,TRUE,,Oxidative Phosphorylation,0,(b2276 and b2277 and b2278 and b2279 and b2280 and b2281 and b2282 and b2283 and b2284 and b2285 and b2286 and b2287 and b2288),"{b2278,b2279,b2288,b2276,b2287,b2283,b2286,b2277,b2285,b2282,b2280,b2284,b2281}",mmol*gDW-1*hr-1,,,,FALSE
NADH5,h_c + q8_c + nadh_c --> q8h2_c + nad_c,0,1000,TRUE,,Oxidative Phosphorylation,0,b1109,{b1109},mmol*gDW-1*hr-1,,,,FALSE
NADH9,h_c + 2dmmq8_c + nadh_c --> nad_c + 2dmmql8_c,0,1000,TRUE,,Oxidative Phosphorylation,0,b1109,{b1109},mmol*gDW-1*hr-1,,,,FALSE
NADPHQR2,h_c + q8_c + nadph_c --> q8h2_c + nadp_c,0,1000,TRUE,,Oxidative Phosphorylation,0,b3028,{b3028},mmol*gDW-1*hr-1,,,,FALSE
NADPHQR3,h_c + nadph_c + mqn8_c --> mql8_c + nadp_c,0,1000,TRUE,,Oxidative Phosphorylation,0,b3028,{b3028},mmol*gDW-1*hr-1,,,,FALSE
NADPHQR4,h_c + nadph_c + 2dmmq8_c --> nadp_c + 2dmmql8_c,0,1000,TRUE,,Oxidative Phosphorylation,0,b3028,{b3028},mmol*gDW-1*hr-1,,,,FALSE
NADTRHD,nad_c + nadph_c --> nadp_c + nadh_c,0,1000,TRUE,,Oxidative Phosphorylation,0,(b3962 or (b1602 and b1603)),"{b3962,b1602,b1603}",mmol*gDW-1*hr-1,,,,FALSE
THD2pp,nadp_c + nadh_c + 2 h_p --> 2 h_c + nad_c + nadph_c,0,1000,TRUE,,Oxidative Phosphorylation,0,(b1602 and b1603),"{b1602,b1603}",mmol*gDW-1*hr-1,,,,FALSE
TRDR,h_c + nadph_c + trdox_c --> nadp_c + trdrd_c,0,1000,TRUE,,Oxidative Phosphorylation,0,((b3781 and b0888) or (b0888 and b2582)),"{b3781,b2582,b0888}",mmol*gDW-1*hr-1,,,,FALSE
ATPS4rpp_reverse,3 h_c + atp_c + h2o_c --> pi_c + adp_c + 4 h_p,0,1000,TRUE,,Oxidative Phosphorylation,0,(((b3736 and b3737 and b3738) and (b3731 and b3732 and b3733 and b3734 and b3735) and b3739) or ((b3736 and b3737 and b3738) and (b3731 and b3732 and b3733 and b3734 and b3735))),"{b3733,b3735,b3738,b3739,b3734,b3737,b3731,b3736,b3732}",mmol*gDW-1*hr-1,,,,FALSE
PPK2r,ppi_c + atp_c --> pppi_c + adp_c,0,1000,TRUE,,Oxidative Phosphorylation,0,b2501,{b2501},mmol*gDW-1*hr-1,,,,FALSE
PPKr,pi_c + atp_c --> ppi_c + adp_c,0,1000,TRUE,,Oxidative Phosphorylation,0,b2501,{b2501},mmol*gDW-1*hr-1,,,,FALSE
PPK2r_reverse,pppi_c + adp_c --> ppi_c + atp_c,0,1000,TRUE,,Oxidative Phosphorylation,0,b2501,{b2501},mmol*gDW-1*hr-1,,,,FALSE
PPKr_reverse,adp_c + ppi_c --> atp_c + pi_c,0,1000,TRUE,,Oxidative Phosphorylation,0,b2501,{b2501},mmol*gDW-1*hr-1,,,,FALSE
PDH,coa_c + nad_c + pyr_c (abc) --> co2_c (a) + nadh_c + accoa_c (bc),0,1000,TRUE,,Glycolysis/Gluconeogenesis,0,(b0114 and b0115 and b0116),"{b0116,b0115,b0114}",mmol*gDW-1*hr-1,,,,FALSE
PFK,atp_c + f6p_c (abcdef) --> fdp_c (abcdef) + h_c + adp_c,0,1000,TRUE,,Glycolysis/Gluconeogenesis,0,(b3916 or b1723),"{b3916,b1723}",mmol*gDW-1*hr-1,,,,FALSE
PGI,1.0*g6p_c (abcdef) -> 1.0*f6p_c (abcdef),0,1000,TRUE,,Glycolysis/Gluconeogenesis,0,b4025,{b4025},mmol*gDW-1*hr-1,,,,FALSE
PGI_reverse,1.0*f6p_c (abcdef) -> 1.0*g6p_c (abcdef),0,1000,TRUE,,Glycolysis/Gluconeogenesis,0,b4025,{b4025},mmol*gDW-1*hr-1,,,,FALSE
PGM,2pg_c (abc) --> 3pg_c (abc),0,1000,TRUE,,Glycolysis/Gluconeogenesis,0,(b3612 or b4395 or b0755),"{b0755,b4395,b3612}",mmol*gDW-1*hr-1,,,,FALSE
PGM_reverse,3pg_c (abc) --> 2pg_c (abc),0,1000,TRUE,,Glycolysis/Gluconeogenesis,0,(b3612 or b4395 or b0755),"{b0755,b4395,b3612}",mmol*gDW-1*hr-1,,,,FALSE
PPC,1.0*pep_c (abc) + 1.0*co2_c (d) + h2o_c --> pi_c + 1.0*oaa_c (abcd) + h_c,0,1000,TRUE,,Anaplerotic Reactions,0,b3956,{b3956},mmol*gDW-1*hr-1,,,,FALSE
PPCK,atp_c + 1.0*oaa_c (abcd) --> 1.0*pep_c (abc) + 1.0*co2_c (d) + adp_c,0,1000,TRUE,,Anaplerotic Reactions,0,b3403,{b3403},mmol*gDW-1*hr-1,,,,FALSE
PRPPS,r5p_c (abcde) + atp_c --> h_c + amp_c + prpp_c (abcde),0,1000,TRUE,,Histidine Metabolism,0,b1207,{b1207},mmol*gDW-1*hr-1,,,,FALSE
PRPPS_reverse,h_c + amp_c + prpp_c (abcde) --> r5p_c (abcde) + atp_c,0,1000,TRUE,,Histidine Metabolism,0,b1207,{b1207},mmol*gDW-1*hr-1,,,,FALSE
PTAr,pi_c + accoa_c  (ab) --> actp_c  (ab) + coa_c,0,1000,TRUE,,Pyruvate Metabolism,0,(b2297 or b2458),"{b2297,b2458}",mmol*gDW-1*hr-1,,,,FALSE
PTAr_reverse,coa_c + actp_c  (ab) --> pi_c + accoa_c  (ab),0,1000,TRUE,,Pyruvate Metabolism,0,(b2297 or b2458),"{b2297,b2458}",mmol*gDW-1*hr-1,,,,FALSE
ACKr,ac_c  (ab) + atp_c --> actp_c  (ab) + adp_c,0,1000,TRUE,,Pyruvate Metabolism,0,(b3115 or b2296 or b1849),"{b1849,b3115,b2296}",mmol*gDW-1*hr-1,,,,FALSE
ACKr_reverse,actp_c  (ab) + adp_c --> ac_c  (ab) + atp_c,0,1000,TRUE,,Pyruvate Metabolism,0,(b3115 or b2296 or b1849),"{b1849,b3115,b2296}",mmol*gDW-1*hr-1,,,,FALSE
ACS,ac_c  (ab) + atp_c + coa_c --> accoa_c  (ab) + amp_c + ppi_c,0,1000,TRUE,,Pyruvate Metabolism,0,b4069,{b4069},mmol*gDW-1*hr-1,,,,FALSE
RPE,1.0*ru5p_DASH_D_c (abcde) -> 1.0*xu5p_DASH_D_c (abcde),0,1000,TRUE,,Pentose Phosphate Pathway,0,(b4301 or b3386),"{b3386,b4301}",mmol*gDW-1*hr-1,,,,FALSE
RPE_reverse,1.0*xu5p_DASH_D_c (abcde) -> 1.0*ru5p_DASH_D_c (abcde),0,1000,TRUE,,Pentose Phosphate Pathway,0,(b4301 or b3386),"{b3386,b4301}",mmol*gDW-1*hr-1,,,,FALSE
RPI_reverse,1.0*ru5p_DASH_D_c (abcde) -> 1.0*r5p_c (abcde),0,1000,TRUE,,Pentose Phosphate Pathway,0,(b2914 or b4090),"{b4090,b2914}",mmol*gDW-1*hr-1,,,,FALSE
RPI,1.0*r5p_c (abcde) -> 1.0*ru5p_DASH_D_c (abcde),0,1000,TRUE,,Pentose Phosphate Pathway,0,(b2914 or b4090),"{b4090,b2914}",mmol*gDW-1*hr-1,,,,FALSE
SERAT,ser_DASH_L_c (cde) + accoa_c (ab) --> coa_c + acser_c (cdeab),0,1000,TRUE,,Cysteine Metabolism,0,b3607,{b3607},mmol*gDW-1*hr-1,,,,FALSE
SERAT_reverse,coa_c + acser_c (cdeab) --> ser_DASH_L_c (cde) + accoa_c (ab),0,1000,TRUE,,Cysteine Metabolism,0,b3607,{b3607},mmol*gDW-1*hr-1,,,,FALSE
CYSS,h2s_c + acser_c (abcde) --> ac_c (de) + h_c + cys_DASH_L_c (abc),0,1000,TRUE,,Cysteine Metabolism,0,(b2414 or b2421),"{b2414,b2421}",mmol*gDW-1*hr-1,,,,FALSE
SULRi,5 h_c + 3 nadph_c + so3_c --> h2s_c + 3 h2o_c + 3 nadp_c,0,1000,TRUE,,Cysteine Metabolism,0,(b2763 and b2764),"{b2764,b2763}",mmol*gDW-1*hr-1,,,,FALSE
PAPSR,paps_c + trdrd_c --> pap_c + 2 h_c + trdox_c + so3_c,0,1000,TRUE,,Cysteine Metabolism,0,((b2762 and b2582) or (b2762 and b3781)),"{b3781,b2762,b2582}",mmol*gDW-1*hr-1,,,,FALSE
ADSK,atp_c + aps_c --> paps_c + h_c + adp_c,0,1000,TRUE,,Cysteine Metabolism,0,b2750,{b2750},mmol*gDW-1*hr-1,,,,FALSE
BPNT,pap_c + h2o_c --> pi_c + amp_c,0,1000,TRUE,,Cysteine Metabolism,0,b4214,{b4214},mmol*gDW-1*hr-1,,,,FALSE
CYSDS,h2o_c + cys_DASH_L_c (abc) --> h2s_c + nh4_c + pyr_c (abc),0,1000,TRUE,,Cysteine Metabolism,0,(b3708 or b3008),"{b3708,b3008}",mmol*gDW-1*hr-1,,,,FALSE
SADT2,gtp_c + atp_c + so4_c + h2o_c --> pi_c + gdp_c + ppi_c + aps_c,0,1000,TRUE,,Cysteine Metabolism,0,(b2751 and b2752),"{b2751,b2752}",mmol*gDW-1*hr-1,,,,FALSE
SERD_L,ser_DASH_L_c (abc) --> pyr_c (abc) + nh4_c,0,1000,TRUE,,Glycine and Serine Metabolism,0,(b4471 or b1814 or b2797 or b3708),"{b2797,b4471,b1814,b3708}",mmol*gDW-1*hr-1,,,,FALSE
3pg_to_ser_DASH_L,h2o_c + nad_c + 3pg_c (abc) + glu_DASH_L_c (defgh) --> ser_DASH_L_c (abc) + pi_c + akg_c (defgh) + nadh_c + h_c,0,1000,TRUE,,Glycine and Serine Metabolism,0,"""""",{},mmol*gDW-1*hr-1,,,,FALSE
SUCOAS,atp_c + coa_c + succ_c (abcd) --> succoa_c (abcd) + pi_c + adp_c,0,1000,TRUE,,Citric Acid Cycle,0,(b0728 and b0729),"{b0728,b0729}",mmol*gDW-1*hr-1,,,,FALSE
SUCOAS_reverse,succoa_c (abcd) + pi_c + adp_c --> atp_c + coa_c + succ_c (abcd),0,1000,TRUE,,Citric Acid Cycle,0,(b0728 and b0729),"{b0728,b0729}",mmol*gDW-1*hr-1,,,,FALSE
SUCDi,q8_c + succ_c (abcd) --> q8h2_c + fum_c (abcd),0,1000,TRUE,,Oxidative Phosphorylation,0,(b0721 and b0722 and b0723 and b0724),"{b0722,b0724,b0723,b0721}",mmol*gDW-1*hr-1,,,,FALSE
FRD2,mql8_c + fum_c (abcd) --> mqn8_c + succ_c (abcd),0,1000,TRUE,,Citric Acid Cycle,0,(b4151 and b4152 and b4153 and b4154),"{b4152,b4154,b4151,b4153}",mmol*gDW-1*hr-1,,,,FALSE
FRD3,2dmmql8_c + fum_c (abcd) --> succ_c (abcd) + 2dmmq8_c,0,1000,TRUE,,Citric Acid Cycle,0,(b4151 and b4152 and b4153 and b4154),"{b4152,b4154,b4151,b4153}",mmol*gDW-1*hr-1,,,,FALSE
thr_DASH_L_to_gly,1.0*thr_DASH_L_c (abcd) + nad_c + coa_c --> h_c + 1.0*nadh_c + 1.0*gly_c (ab) + 1.0*accoa_c (cd),0,1000,TRUE,,Glycine and Serine Metabolism,0,"""""",{},mmol*gDW-1*hr-1,,,,FALSE
TALA,1.0*s7p_c (defghij) + 1.0*g3p_c (abc) -> 1.0*f6p_c (defabc) + 1.0*e4p_c (ghij),0,1000,TRUE,,Pentose Phosphate Pathway,0,(b2464 or b0008),"{b2464,b0008}",mmol*gDW-1*hr-1,,,,FALSE
TALA_reverse,1.0*f6p_c (defabc) + 1.0*e4p_c (ghij) -> 1.0*s7p_c (defghij) + 1.0*g3p_c (abc),0,1000,TRUE,,Pentose Phosphate Pathway,0,(b2464 or b0008),"{b2464,b0008}",mmol*gDW-1*hr-1,,,,FALSE
TKT1,1.0*r5p_c (abcde) + 1.0*xu5p_DASH_D_c (fghij) -> 1.0*s7p_c (fgabcde) + 1.0*g3p_c (hij),0,1000,TRUE,,Pentose Phosphate Pathway,0,(b2935 or b2465),"{b2935,b2465}",mmol*gDW-1*hr-1,,,,FALSE
TKT1_reverse,1.0*s7p_c (fgabcde) + 1.0*g3p_c (hij) -> 1.0*r5p_c (abcde) + 1.0*xu5p_DASH_D_c (fghij),0,1000,TRUE,,Pentose Phosphate Pathway,0,(b2935 or b2465),"{b2935,b2465}",mmol*gDW-1*hr-1,,,,FALSE
TKT2,1.0*e4p_c (abcd) + 1.0*xu5p_DASH_D_c (efghi) -> 1.0*f6p_c (efabcd) + 1.0*g3p_c (ghi),0,1000,TRUE,,Pentose Phosphate Pathway,0,(b2935 or b2465),"{b2935,b2465}",mmol*gDW-1*hr-1,,,,FALSE
TKT2_reverse,1.0*f6p_c (efabcd) + 1.0*g3p_c (ghi) -> 1.0*e4p_c (abcd) + 1.0*xu5p_DASH_D_c (efghi),0,1000,TRUE,,Pentose Phosphate Pathway,0,(b2935 or b2465),"{b2935,b2465}",mmol*gDW-1*hr-1,,,,FALSE
CHORM,1.0*chor_c (abcdefghij) -> 1.0*pphn_c (ihjbcdefga),0,1000,TRUE,,"Tyrosine, Tryptophan, and Phenylalanine Metabolism",0,(b2599 or b2600),"{b2599,b2600}",mmol*gDW-1*hr-1,,,,FALSE
CHORS,1.0*3psme_c (abcdefghij) -> 1.0*chor_c (abgfedchij) + 1.0*pi_c,0,1000,TRUE,,"Tyrosine, Tryptophan, and Phenylalanine Metabolism",0,b2329,{b2329},mmol*gDW-1*hr-1,,,,FALSE
DHQTi,1.0*3dhq_c (abcdefg) -> 1.0*h2o_c + 1.0*3dhsk_c (abcdefg),0,1000,TRUE,,"Tyrosine, Tryptophan, and Phenylalanine Metabolism",0,b1693,{b1693},mmol*gDW-1*hr-1,,,,FALSE
PHETA1,1.0*akg_c (abcde) + 1.0*phe_DASH_L_c (fghijklmn) -> 1.0*phpyr_c (fghijklmn) + 1.0*glu_DASH_L_c (abcde),0,1000,TRUE,,"Tyrosine, Tryptophan, and Phenylalanine Metabolism",0,(b4054 or b0928 or b3770),"{b0928,b4054,b3770}",mmol*gDW-1*hr-1,,,,FALSE
PPND,1.0*nad_c + 1.0*pphn_c (abcdefghij) -> 1.0*co2_c (j) + 1.0*34hpp_c (abcdefghi) + 1.0*nadh_c,0,1000,TRUE,,"Tyrosine, Tryptophan, and Phenylalanine Metabolism",0,b2600,{b2600},mmol*gDW-1*hr-1,,,,FALSE
PPNDH,1.0*h_c + 1.0*pphn_c (abcdefghij) -> 1.0*co2_c (j) + 1.0*phpyr_c (abcdefghi) + 1.0*h2o_c,0,1000,TRUE,,"Tyrosine, Tryptophan, and Phenylalanine Metabolism",0,b2599,{b2599},mmol*gDW-1*hr-1,,,,FALSE
PSCVT,1.0*pep_c (abc) + 1.0*skm5p_c (defghij) -> 1.0*pi_c + 1.0*3psme_c (defghijbac),0,1000,TRUE,,"Tyrosine, Tryptophan, and Phenylalanine Metabolism",0,b0908,{b0908},mmol*gDW-1*hr-1,,,,FALSE
QUINDH,1.0*nad_c + 1.0*quin_c (abcdefg) -> 1.0*3dhq_c (abcdefg) + 2.0*h_c + 1.0*nadh_c,0,1000,TRUE,,"Tyrosine, Tryptophan, and Phenylalanine Metabolism",0,b1692,{b1692},mmol*gDW-1*hr-1,,,,FALSE
SHK3Dr,1.0*h_c + 1.0*3dhsk_c (abcdefg) + 1.0*nadph_c -> 1.0*nadp_c + 1.0*skm_c (abcdefg),0,1000,TRUE,,"Tyrosine, Tryptophan, and Phenylalanine Metabolism",0,(b1692 or b3281),"{b3281,b1692}",mmol*gDW-1*hr-1,,,,FALSE
SHKK,1.0*atp_c + 1.0*skm_c (abcdefg) -> 1.0*h_c + 1.0*adp_c + 1.0*skm5p_c (abcdefg),0,1000,TRUE,,"Tyrosine, Tryptophan, and Phenylalanine Metabolism",0,(b3390 or b0388),"{b0388,b3390}",mmol*gDW-1*hr-1,,,,FALSE
TRPAS2,1.0*h2o_c + 1.0*trp_DASH_L_c (abcdefghijk) -> 1.0*nh4_c + 1.0*pyr_c (abc) + 1.0*indole_c (kdefghij),0,1000,TRUE,,"Tyrosine, Tryptophan, and Phenylalanine Metabolism",0,b3708,{b3708},mmol*gDW-1*hr-1,,,,FALSE
TRPS1,1.0*ser_DASH_L_c (lmn) + 1.0*3ig3p_c (abcdefghijk) -> 1.0*h2o_c + 1.0*g3p_c (cba) + 1.0*trp_DASH_L_c (lmndefghijk),0,1000,TRUE,,"Tyrosine, Tryptophan, and Phenylalanine Metabolism",0,(b1260 and b1261),"{b1261,b1260}",mmol*gDW-1*hr-1,,,,FALSE
TRPS2,1.0*ser_DASH_L_c (ijk) + 1.0*indole_c (abcdefgh) -> 1.0*h2o_c + 1.0*trp_DASH_L_c (ijkbcdefgha),0,1000,TRUE,,"Tyrosine, Tryptophan, and Phenylalanine Metabolism",0,(b1260 and b1261),"{b1261,b1260}",mmol*gDW-1*hr-1,,,,FALSE
TRPS3,1.0*3ig3p_c (abcdefghijk) -> 1.0*indole_c (kdefghij) + 1.0*g3p_c (cba),0,1000,TRUE,,"Tyrosine, Tryptophan, and Phenylalanine Metabolism",0,(b1260 and b1261),"{b1261,b1260}",mmol*gDW-1*hr-1,,,,FALSE
TYRTA,1.0*akg_c (abcde) + 1.0*tyr_DASH_L_c (fghijklmn) -> 1.0*34hpp_c (fghijklmn) + 1.0*glu_DASH_L_c (abcde),0,1000,TRUE,,"Tyrosine, Tryptophan, and Phenylalanine Metabolism",0,(b4054 or b0928),"{b4054,b0928}",mmol*gDW-1*hr-1,,,,FALSE
PHETA1_reverse,1.0*phpyr_c (fghijklmn) + 1.0*glu_DASH_L_c (abcde) -> 1.0*akg_c (abcde) + 1.0*phe_DASH_L_c (fghijklmn),0,1000,TRUE,,"Tyrosine, Tryptophan, and Phenylalanine Metabolism",0,(b4054 or b0928 or b3770),"{b0928,b4054,b3770}",mmol*gDW-1*hr-1,,,,FALSE
PSCVT_reverse,1.0*pi_c + 1.0*3psme_c (defghijbac) -> 1.0*pep_c (abc) + 1.0*skm5p_c (defghij),0,1000,TRUE,,"Tyrosine, Tryptophan, and Phenylalanine Metabolism",0,b0908,{b0908},mmol*gDW-1*hr-1,,,,FALSE
QUINDH_reverse,1.0*3dhq_c (abcdefg) + 2.0*h_c + 1.0*nadh_c -> 1.0*nad_c + 1.0*quin_c (abcdefg),0,1000,TRUE,,"Tyrosine, Tryptophan, and Phenylalanine Metabolism",0,b1692,{b1692},mmol*gDW-1*hr-1,,,,FALSE
SHK3Dr_reverse,1.0*nadp_c + 1.0*skm_c (abcdefg) -> 1.0*h_c + 1.0*3dhsk_c (abcdefg) + 1.0*nadph_c,0,1000,TRUE,,"Tyrosine, Tryptophan, and Phenylalanine Metabolism",0,(b1692 or b3281),"{b3281,b1692}",mmol*gDW-1*hr-1,,,,FALSE
TRPAS2_reverse,1.0*nh4_c + 1.0*pyr_c (abc) + 1.0*indole_c (kdefghij) -> 1.0*h2o_c + 1.0*trp_DASH_L_c (abcdefghijk),0,1000,TRUE,,"Tyrosine, Tryptophan, and Phenylalanine Metabolism",0,b3708,{b3708},mmol*gDW-1*hr-1,,,,FALSE
TYRTA_reverse,1.0*34hpp_c (fghijklmn) + 1.0*glu_DASH_L_c (abcde) -> 1.0*akg_c (abcde) + 1.0*tyr_DASH_L_c (fghijklmn),0,1000,TRUE,,"Tyrosine, Tryptophan, and Phenylalanine Metabolism",0,(b4054 or b0928),"{b4054,b0928}",mmol*gDW-1*hr-1,,,,FALSE
e4p_and_pep_to_3dhq,1.0*h2o_c + 1.0*pep_c (efg) + 1.0*e4p_c (abcd) -> 1.0*3dhq_c (efdcbag) + 2.0*pi_c,0,1000,TRUE,,"Tyrosine, Tryptophan, and Phenylalanine Metabolism",0,"""""",{},mmol*gDW-1*hr-1,,,,FALSE
chor_and_prpp_to_3ig3p,1.0*chor_c (abcdefghij) + 1.0*gln_DASH_L_c (klmno) + 1.0*prpp_c (pqrst) -> 1.0*glu_DASH_L_c (klmno) + 1.0*ppi_c + 1.0*h2o_c + 1.0*pyr_c (ihj) + 1.0*co2_c (a) + 1.0*3ig3p_c (tsrqbgfedcp),0,1000,TRUE,,"Tyrosine, Tryptophan, and Phenylalanine Metabolism",0,"""""",{},mmol*gDW-1*hr-1,,,,FALSE
GLYCLTDx,glx_c (ab) + h_c + nadh_c --> glyclt_c (ab) + nad_c,0,1000,TRUE,,Glyoxylate Metabolism,0,(b3553 or b1033),"{b1033,b3553}",mmol*gDW-1*hr-1,,,,FALSE
GLYCLTDy,h_c + glx_c (ab) + nadph_c --> glyclt_c (ab) + nadp_c,0,1000,TRUE,,Glyoxylate Metabolism,0,(b1033 or b3553),"{b1033,b3553}",mmol*gDW-1*hr-1,,,,FALSE
FBA3,s17bp_c (abcdefg) --> e4p_c (defg) + dhap_c (abc),0,1000,TRUE,,Pentose Phosphate Pathway,0,b2925,{b2925},mmol*gDW-1*hr-1,,,,FALSE
PFK_3,atp_c + s7p_c (abcdefg) --> h_c + adp_c + s17bp_c (abcdefg),0,1000,TRUE,,Pentose Phosphate Pathway,0,b3916,{b3916},mmol*gDW-1*hr-1,,,,FALSE
FBA3_reverse,dhap_c (abc) + e4p_c (defg) --> s17bp_c (abcdefg),0,1000,TRUE,,Pentose Phosphate Pathway,0,b2925,{b2925},mmol*gDW-1*hr-1,,,,FALSE
PPA,ppi_c + h2o_c --> 2 pi_c + h_c,0,1000,TRUE,,Anaplerotic Reactions,0,(b2744 or b4226 or b2502),"{b2502,b4226,b2744}",mmol*gDW-1*hr-1,,,,FALSE
PPA2,h2o_c + pppi_c --> h_c + ppi_c + pi_c,0,1000,TRUE,,Anaplerotic Reactions,0,(b2502 or b2744),"{b2502,b2744}",mmol*gDW-1*hr-1,,,,FALSE
LDH_D,nad_c + lac_DASH_D_c (abc) --> h_c + pyr_c (abc) + nadh_c,0,1000,TRUE,,Pyruvate Metabolism,0,(b2133 or b1380),"{b2133,b1380}",mmol*gDW-1*hr-1,,,,FALSE
LDH_D_reverse,h_c + pyr_c (abc) + nadh_c --> nad_c + lac_DASH_D_c (abc),0,1000,TRUE,,Pyruvate Metabolism,0,(b2133 or b1380),"{b2133,b1380}",mmol*gDW-1*hr-1,,,,FALSE
PFL,coa_c + pyr_c (abc) --> accoa_c (bc) + for_c (a),0,1000,TRUE,,Pyruvate Metabolism,0,((b0902 and b0903) or (b0902 and b3114) or (b3951 and b3952) or ((b0902 and b0903) and b2579)),"{b3952,b0902,b3114,b3951,b0903,b2579}",mmol*gDW-1*hr-1,,,,FALSE
OAADC,oaa_c (abcd) + h_c --> co2_c (d) + pyr_c (abc),0,1000,TRUE,,Pyruvate Metabolism,0,b1850,{b1850},mmol*gDW-1*hr-1,,,,FALSE
ACALD,coa_c + nad_c + acald_c (ab) --> h_c + accoa_c (ab) + nadh_c,0,1000,TRUE,,Pyruvate Metabolism,0,(b0351 or b1241),"{b1241,b0351}",mmol*gDW-1*hr-1,,,,FALSE
ACALD_reverse,accoa_c (ab) + h_c + nadh_c --> coa_c + acald_c (ab) + nad_c,0,1000,TRUE,,Pyruvate Metabolism,0,(b0351 or b1241),"{b1241,b0351}",mmol*gDW-1*hr-1,,,,FALSE
ACALDtpp,acald_p (ab) --> acald_c (ab),0,1000,TRUE,add in to iDM2014 from iJO1366?,Pyruvate Metabolism,0,s0001,{s0001},mmol*gDW-1*hr-1,,,,FALSE
ACALDtpp_reverse,acald_c (ab) --> acald_p (ab),0,1000,TRUE,add in to iDM2014 from iJO1366?,Pyruvate Metabolism,0,s0001,{s0001},mmol*gDW-1*hr-1,,,,FALSE
ALCD2x,acald_c (ab) + nadh_c + h_c --> etoh_c (ab) + nad_c,0,1000,TRUE,add in to iDM2014 from iJO1366?,Pyruvate Metabolism,0,(b1478 or b1241 or b0356),"{b1241,b1478,b0356}",mmol*gDW-1*hr-1,,,,FALSE
ALCD2x_reverse,etoh_c (ab) + nad_c --> acald_c (ab) + nadh_c + h_c,0,1000,TRUE,add in to iDM2014 from iJO1366?,Pyruvate Metabolism,0,(b1478 or b1241 or b0356),"{b1241,b1478,b0356}",mmol*gDW-1*hr-1,,,,FALSE
ALDD2x,acald_c (ab) + nad_c + h2o_c --> nadh_c + ac_c (ab) + 2 h_c,0,1000,TRUE,add in to iDM2014 from iJO1366?,Pyruvate Metabolism,0,b1300,{b1300},mmol*gDW-1*hr-1,,,,FALSE
ALDD2y,acald_c (ab) + nadp_c + h2o_c --> ac_c (ab) + nadph_c + 2 h_c,0,1000,TRUE,add in to iDM2014 from iJO1366?,Pyruvate Metabolism,0,b3588,{b3588},mmol*gDW-1*hr-1,,,,FALSE
ACALDtex,acald_e (ab) --> acald_p (ab),0,1000,TRUE,add in to iDM2014 from iJO1366?,"Transport, Outer Membrane Porin",0,(b0241 or b0929 or b1377 or b2215),"{b2215,b0929,b1377,b0241}",mmol*gDW-1*hr-1,,,,FALSE
EX_acald_LPAREN_e_RPAREN_,acald_e (ab) --> ,0,0,TRUE,add in to iDM2014 from iJO1366?,"""""",0,"""""",{},mmol*gDW-1*hr-1,,,,FALSE
ACALDtex_reverse,acald_p (ab) --> acald_e (ab),0,1000,TRUE,add in to iDM2014 from iJO1366?,"Transport, Outer Membrane Porin",0,(b0241 or b0929 or b1377 or b2215),"{b2215,b0929,b1377,b0241}",mmol*gDW-1*hr-1,,,,FALSE
5MTRtpp,5mtr_c (a) + h_c --> 5mtr_p (a) + h_p,0,1000,TRUE,custom,"Transport, Inner Membrane",0,"""""",{},mmol*gDW-1*hr-1,,,,FALSE
5MTRtex_reverse,5mtr_p (a) --> 5mtr_e (a),0,1000,TRUE,custom,"Transport, Outer Membrane Porin",0,(b1377 or b0929 or b2215 or b0241),"{b1377,b0241,b0929,b2215}",mmol*gDW-1*hr-1,,,,FALSE
EX_5mtr_LPAREN_e_RPAREN_,5mtr_e (a) --> ,0,1000,TRUE,custom,"""""",0,"""""",{},mmol*gDW-1*hr-1,,,,FALSE
ADPT,prpp_c + ade_c --> ppi_c + amp_c,0,1000,TRUE,custom to avoid mapping for amp_c,Nucleotide Salvage Pathway,0,b0469,{b0469},mmol*gDW-1*hr-1,,,,FALSE
METAT,atp_c + h2o_c + met_DASH_L_c (abcde) --> pi_c + amet_c (abcde) + ppi_c,0,1000,TRUE,let amet_c = met_DASH_L_c to avoid mapping for amp_c,Methionine Metabolism,0,b2942,{b2942},mmol*gDW-1*hr-1,,,,FALSE
DM_MTHTHF,mththf_c (a) --> ,0,1000,TRUE,,"""""",0,"""""",{},mmol*gDW-1*hr-1,,,,FALSE
EX_etoh_LPAREN_e_RPAREN_,etoh_e (ab) --> ,0,1000,TRUE,,"""""",0,"""""",{},mmol*gDW-1*hr-1,,,,FALSE
EX_for_LPAREN_e_RPAREN_,for_e (a) --> ,0,0,TRUE,,"""""",0,"""""",{},mmol*gDW-1*hr-1,,,,FALSE
EX_fum_LPAREN_e_RPAREN_,fum_e (abcd) --> ,0,0,TRUE,,"""""",0,"""""",{},mmol*gDW-1*hr-1,,,,FALSE
EX_h_LPAREN_e_RPAREN_,h_e --> ,0,1000,TRUE,,"""""",0,"""""",{},mmol*gDW-1*hr-1,,,,FALSE
EX_h2o_LPAREN_e_RPAREN_,h2o_e --> ,0,1000,TRUE,,"""""",0,"""""",{},mmol*gDW-1*hr-1,,,,FALSE
EX_lac_DASH_D_LPAREN_e_RPAREN_,lac_DASH_D_e (abc) --> ,0,0,TRUE,add in to iDM2014 from iJO1366 and remove 'EX_lac_DASH_L_LPAREN_e_RPAREN_',"""""",0,"""""",{},mmol*gDW-1*hr-1,,,,FALSE
EX_pyr_LPAREN_e_RPAREN_,pyr_e (abc) --> ,0,0,TRUE,,"""""",0,"""""",{},mmol*gDW-1*hr-1,,,,FALSE
EX_succ_LPAREN_e_RPAREN_,succ_e (abcd) --> ,0,0,TRUE,,"""""",0,"""""",{},mmol*gDW-1*hr-1,,,,FALSE
EX_pi_LPAREN_e_RPAREN__reverse, --> pi_e,0,1000,TRUE,,"""""",0,"""""",{},mmol*gDW-1*hr-1,,,,FALSE
EX_co2_LPAREN_e_RPAREN__reverse, --> co2_e (a),0,1000,TRUE,,"""""",0,"""""",{},mmol*gDW-1*hr-1,,,,FALSE
EX_h_LPAREN_e_RPAREN__reverse, --> h_e,0,1000,TRUE,,"""""",0,"""""",{},mmol*gDW-1*hr-1,,,,FALSE
EX_h2o_LPAREN_e_RPAREN__reverse, --> h2o_e,0,1000,TRUE,,"""""",0,"""""",{},mmol*gDW-1*hr-1,,,,FALSE
ACt2rpp_reverse,1.0*ac_c (ab) + 1.0*h_c -> 1.0*ac_p (ab) + 1.0*h_p,0,1000,TRUE,,"Transport, Inner Membrane",0,"""""",{},mmol*gDW-1*hr-1,,,,FALSE
CO2tpp_reverse,1.0*co2_c (a) -> 1.0*co2_p (a),0,1000,TRUE,,"Transport, Inner Membrane",0,s0001,{s0001},mmol*gDW-1*hr-1,,,,FALSE
GLYCLTt2rpp_reverse,1.0*h_c + 1.0*glyclt_c (ab) -> 1.0*glyclt_p (ab) + 1.0*h_p,0,1000,TRUE,,"Transport, Inner Membrane",0,(b3603 or b2975),"{b2975,b3603}",mmol*gDW-1*hr-1,,,,FALSE
GLYCtpp_reverse,1.0*glyc_p (abc) -> 1.0*glyc_c (abc),0,1000,TRUE,,"Transport, Inner Membrane",0,(b3927 or s0001),"{b3927,s0001}",mmol*gDW-1*hr-1,,,,FALSE
H2Otpp_reverse,1.0*h2o_c -> 1.0*h2o_p,0,1000,TRUE,,"Transport, Inner Membrane",0,(s0001 or b0875),"{b0875,s0001}",mmol*gDW-1*hr-1,,,,FALSE
NH4tex,1.0*nh4_e -> 1.0*nh4_p,0,1000,TRUE,,"Transport, Outer Membrane Porin",0,(b0241 or b0929 or b1377 or b2215),"{b1377,b0241,b0929,b2215}",mmol*gDW-1*hr-1,,,,FALSE
O2tex,1.0*o2_e -> 1.0*o2_p,0,1000,TRUE,,"Transport, Outer Membrane Porin",0,(b0241 or b0929 or b1377 or b2215),"{b1377,b0241,b0929,b2215}",mmol*gDW-1*hr-1,,,,FALSE
PItex,1.0*pi_e -> 1.0*pi_p,0,1000,TRUE,,"Transport, Outer Membrane Porin",0,(b0241 or b0929 or b1377 or b2215),"{b1377,b0241,b0929,b2215}",mmol*gDW-1*hr-1,,,,FALSE
SO4tex,1.0*so4_e -> 1.0*so4_p,0,1000,TRUE,,"Transport, Outer Membrane Porin",0,(b0241 or b0929 or b1377 or b2215),"{b1377,b0241,b0929,b2215}",mmol*gDW-1*hr-1,,,,FALSE
ACtex_reverse,1.0*ac_p (ab) -> 1.0*ac_e (ab),0,1000,TRUE,,"Transport, Outer Membrane Porin",0,(b0241 or b0929 or b1377 or b2215),"{b1377,b0241,b0929,b2215}",mmol*gDW-1*hr-1,,,,FALSE
CO2tex_reverse,1.0*co2_p (a) -> 1.0*co2_e (a),0,1000,TRUE,,"Transport, Outer Membrane Porin",0,(b0241 or b0929 or b1377 or b2215),"{b1377,b0241,b0929,b2215}",mmol*gDW-1*hr-1,,,,FALSE
H2Otex_reverse,1.0*h2o_p -> 1.0*h2o_e,0,1000,TRUE,,"Transport, Outer Membrane Porin",0,(s0001 or b0957 or b3875 or b2215 or b0241 or b1319 or b1377 or b0929),"{b0957,s0001,b1377,b0241,b1319,b2215,b3875,b0929}",mmol*gDW-1*hr-1,,,,FALSE
Htex_reverse,1.0*h_p -> 1.0*h_e,0,1000,TRUE,,"Transport, Outer Membrane Porin",0,(b0929 or b1377 or b2215 or b0241),"{b1377,b0241,b0929,b2215}",mmol*gDW-1*hr-1,,,,FALSE
ETOHtex,etoh_e (ab) --> etoh_p (ab),0,1000,TRUE,,"Transport, Outer Membrane Porin",0,(b0241 or b0929 or b1377 or b2215),"{b2215,b0929,b0241,b1377}",mmol*gDW-1*hr-1,,,,FALSE
ETOHtex_reverse,etoh_p (ab) --> etoh_e (ab),0,1000,TRUE,,"Transport, Outer Membrane Porin",0,(b0241 or b0929 or b1377 or b2215),"{b2215,b0929,b0241,b1377}",mmol*gDW-1*hr-1,,,,FALSE
ETOHtrpp,etoh_p (ab) --> etoh_c (ab),0,1000,TRUE,,"Transport, Inner Membrane",0,s0001,{s0001},mmol*gDW-1*hr-1,,,,FALSE
ETOHtrpp_reverse,etoh_c (ab) --> etoh_p (ab),0,1000,TRUE,,"Transport, Inner Membrane",0,s0001,{s0001},mmol*gDW-1*hr-1,,,,FALSE
GLYCTO2,glyclt_c (ab) + q8_c --> glx_c (ab) + q8h2_c,0,1000,TRUE,,Alternate Carbon Metabolism,0,(b2979 and b4467 and b4468),"{b4467,b4468,b2979}",mmol*gDW-1*hr-1,,,,FALSE
GLYK,atp_c + glyc_c (abc) --> h_c + glyc3p_c (abc) + adp_c,0,1000,TRUE,,Alternate Carbon Metabolism,0,b3926,{b3926},mmol*gDW-1*hr-1,,,,FALSE
G3PD2_reverse,dhap_c (abc) + h_c + nadph_c --> glyc3p_c (abc) + nadp_c,0,1000,TRUE,,Alternate Carbon Metabolism,0,b3608,{b3608},mmol*gDW-1*hr-1,,,,FALSE
PGMT_reverse,g6p_c (abcdef) --> g1p_c (abcdef),0,1000,TRUE,,Alternate Carbon Metabolism,0,(b2690 or b0688),"{b2690,b0688}",mmol*gDW-1*hr-1,,,,FALSE
GLBRAN2,glycogen_c (abcdef) --> bglycogen_c (abcdef),0,1000,TRUE,,Glycolysis/Gluconeogenesis,0,b3432,{b3432},mmol*gDW-1*hr-1,,,,FALSE
GLCP,pi_c + glycogen_c (abcdef) --> g1p_c (abcdef),0,1000,TRUE,,Glycolysis/Gluconeogenesis,0,(b3428 or b3417),"{b3417,b3428}",mmol*gDW-1*hr-1,,,,FALSE
GLCP2,bglycogen_c (abcdef) + pi_c --> g1p_c (abcdef),0,1000,TRUE,,Glycolysis/Gluconeogenesis,0,(b3417 or b3428),"{b3417,b3428}",mmol*gDW-1*hr-1,,,,FALSE
GLDBRAN2,bglycogen_c (abcdef) --> glycogen_c (abcdef),0,1000,TRUE,,Glycolysis/Gluconeogenesis,0,b3431,{b3431},mmol*gDW-1*hr-1,,,,FALSE
g1p_to_glycogen,g1p_c (abcdef) + atp_c --> adp_c + glycogen_c (abcdef) + ppi_c,0,1000,TRUE,,Glycolysis/Gluconeogenesis,0,"""""",{},mmol*gDW-1*hr-1,,,,FALSE
dhap_to_lac_DASH_D,h2o_c + dhap_c (abc) --> h_c + pi_c + lac_DASH_D_c (cba),0,1000,TRUE,,Methylglyoxal Metabolism,0,"""""",{},mmol*gDW-1*hr-1,,,,FALSE
CBMKr,atp_c + co2_c (a) + nh4_c --> 2 h_c + cbp_c (a) + adp_c,0,1000,TRUE,,Unassigned,0,(b0521 or b0323 or b2874),"{b0521,b0323,b2874}",mmol*gDW-1*hr-1,,,,FALSE
HCO3E,h2o_c + co2_c (a) --> h_c + hco3_c (a),0,1000,TRUE,,Unassigned,0,(b0126 or b0339),"{b0339,b0126}",mmol*gDW-1*hr-1,,,,FALSE
NH4tpp,nh4_p --> nh4_c,0,1000,TRUE,,Inorganic Ion Transport and Metabolism,0,(b0451 or s0001),"{b0451,s0001}",mmol*gDW-1*hr-1,,,,FALSE
O2tpp,o2_p --> o2_c,0,1000,TRUE,,Inorganic Ion Transport and Metabolism,0,s0001,{s0001},mmol*gDW-1*hr-1,,,,FALSE
PIt2rpp,pi_p + h_p --> pi_c + h_c,0,1000,TRUE,,Inorganic Ion Transport and Metabolism,0,(b2987 or b3493),"{b3493,b2987}",mmol*gDW-1*hr-1,,,,FALSE
SO4t2pp,h_p + so4_p --> so4_c + h_c,0,1000,TRUE,,Inorganic Ion Transport and Metabolism,0,b1206,{b1206},mmol*gDW-1*hr-1,,,,FALSE
AHCYSNS,1.0*h2o_c + 1.0*ahcys_c (abcd) -> 1.0*rhcys_c (abcd) + 1.0*ade_c,0,1000,TRUE,,Methionine Metabolism,0,b0159,{b0159},mmol*gDW-1*hr-1,,,,FALSE
DHPTDCs2,1.0*dhptd_c -> 1.0*mdhdhf_c,0,1000,TRUE,,Methionine Metabolism,0,s0001,{s0001},mmol*gDW-1*hr-1,,,,FALSE
HCYSMT,1.0*hcys_DASH_L_c (fghi) + 1.0*amet_c (abcde) -> 1.0*h_c + 1.0*ahcys_c (abcd) + 1.0*met_DASH_L_c (fghie),0,1000,TRUE,,Methionine Metabolism,0,b0261,{b0261},mmol*gDW-1*hr-1,,,,FALSE
METS,1.0*hcys_DASH_L_c (abcd) + 1.0*5mthf_c (e) -> 1.0*h_c + 1.0*thf_c + 1.0*met_DASH_L_c (abcde),0,1000,TRUE,,Methionine Metabolism,0,(b4019 or b3829),"{b4019,b3829}",mmol*gDW-1*hr-1,,,,FALSE
MTHTHFSs,1.0*mdhdhf_c + 1.0*h2o_c -> 1.0*mththf_c,0,1000,TRUE,,Methionine Metabolism,0,s0001,{s0001},mmol*gDW-1*hr-1,,,,FALSE
RHCCE,1.0*rhcys_c (abcd) -> 1.0*hcys_DASH_L_c (abcd) + 1.0*dhptd_c,0,1000,TRUE,,Methionine Metabolism,0,b2687,{b2687},mmol*gDW-1*hr-1,,,,FALSE
hom_DASH_L_and_cyst_DASH_L_to_pyr_hcys_DASH_L,1.0*succoa_c (ijkl) + 1.0*h2o_c + 1.0*hom_DASH_L_c (efgh) + 1.0*cys_DASH_L_c (bcd) -> 1.0*succ_c (ijkl) + 1.0*coa_c + 1.0*hcys_DASH_L_c (efgh) + 1.0*nh4_c + 1.0*pyr_c (bcd) + 1.0*h_c,0,1000,TRUE,,Methionine Metabolism,0,"""""",{},mmol*gDW-1*hr-1,,,,FALSE
D_DASH_LACt2pp,h_p + lac_DASH_D_p (abc) -> lac_DASH_D_c (abc) + h_c,0,1000,TRUE,add in to iDM2014,"Transport, Inner Membrane",0,(b3603 or b2975),"{b2975,b3603}",mmol*gDW-1*hr-1,,,,FALSE
D_DASH_LACt2pp_reverse,lac_DASH_D_c (abc) + h_c -> h_p + lac_DASH_D_p (abc),0,1000,TRUE,add in to iDM2014,"Transport, Inner Membrane",0,(b3603 or b2975),"{b2975,b3603}",mmol*gDW-1*hr-1,,,,FALSE
D_DASH_LACtex,lac_DASH_D_e (abc) -> lac_DASH_D_p (abc),0,1000,TRUE,add in to iDM2014,"Transport, Outer Membrane Porin",0,(b0241 or b0929 or b1377 or b2215),"{b2215,b0929,b1377,b0241}",mmol*gDW-1*hr-1,,,,FALSE
D_DASH_LACtex_reverse,lac_DASH_D_p (abc) -> lac_DASH_D_e (abc),0,1000,TRUE,add in to iDM2014,"Transport, Outer Membrane Porin",0,(b0241 or b0929 or b1377 or b2215),"{b2215,b0929,b1377,b0241}",mmol*gDW-1*hr-1,,,,FALSE
ADK1,amp_c + atp_c --> 2 adp_c,0,1000,TRUE,,Nucleotide Salvage Pathway,0,b0474,{b0474},mmol*gDW-1*hr-1,,,,FALSE
ADK3,gtp_c + amp_c --> gdp_c + adp_c,0,1000,TRUE,,Nucleotide Salvage Pathway,0,b0474,{b0474},mmol*gDW-1*hr-1,,,,FALSE
GK1,gmp_c + atp_c --> adp_c + gdp_c,0,1000,TRUE,,Nucleotide Salvage Pathway,0,b3648,{b3648},mmol*gDW-1*hr-1,,,,FALSE
NDPK1,atp_c + gdp_c --> gtp_c + adp_c,0,1000,TRUE,,Nucleotide Salvage Pathway,0,(b0474 or b2518),"{b0474,b2518}",mmol*gDW-1*hr-1,,,,FALSE
NDPK2,udp_c + atp_c --> utp_c + adp_c,0,1000,TRUE,,Nucleotide Salvage Pathway,0,(b0474 or b2518),"{b0474,b2518}",mmol*gDW-1*hr-1,,,,FALSE
UMPK,ump_c + atp_c --> udp_c + adp_c,0,1000,TRUE,,Nucleotide Salvage Pathway,0,(b0910 or b0171),"{b0171,b0910}",mmol*gDW-1*hr-1,,,,FALSE
ADK1_reverse,2 adp_c --> amp_c + atp_c,0,1000,TRUE,,Nucleotide Salvage Pathway,0,b0474,{b0474},mmol*gDW-1*hr-1,,,,FALSE
ADK3_reverse,gdp_c + adp_c --> gtp_c + amp_c,0,1000,TRUE,,Nucleotide Salvage Pathway,0,b0474,{b0474},mmol*gDW-1*hr-1,,,,FALSE
GK1_reverse,gdp_c + adp_c --> gmp_c + atp_c,0,1000,TRUE,,Nucleotide Salvage Pathway,0,b3648,{b3648},mmol*gDW-1*hr-1,,,,FALSE
NDPK1_reverse,gtp_c + adp_c --> atp_c + gdp_c,0,1000,TRUE,,Nucleotide Salvage Pathway,0,(b0474 or b2518),"{b0474,b2518}",mmol*gDW-1*hr-1,,,,FALSE
NDPK2_reverse,utp_c + adp_c --> udp_c + atp_c,0,1000,TRUE,,Nucleotide Salvage Pathway,0,(b0474 or b2518),"{b0474,b2518}",mmol*gDW-1*hr-1,,,,FALSE
UMPK_reverse,udp_c + adp_c --> ump_c + atp_c,0,1000,TRUE,,Nucleotide Salvage Pathway,0,(b0910 or b0171),"{b0171,b0910}",mmol*gDW-1*hr-1,,,,FALSE
TPI,1.0*dhap_c (abc) -> 1.0*g3p_c (abc),0,1000,TRUE,,Inorganic Ion Transport and Metabolism,0,b3197,{b3196},mmol*gDW-1*hr-1,,,,FALSE
TPI_reverse,1.0*g3p_c (abc) -> 1.0*dhap_c (abc),0,1000,TRUE,,Inorganic Ion Transport and Metabolism,0,b3198,{b3196},mmol*gDW-1*hr-1,,,,FALSE
SUCCt3pp,succ_c (abcd) + h_p --> succ_p (abcd) + h_c,0,1000,TRUE,add in to iDM2014 from iJO1366?,"Transport, Inner Membrane",0,"""""",{},mmol*gDW-1*hr-1,,,,FALSE
SUCCt2_2pp,succ_p (abcd) + 2 h_p --> succ_c (abcd) + 2 h_c,0,1000,TRUE,add in to iDM2014 from iJO1366?,"Transport, Inner Membrane",0,b3528,{b3528},mmol*gDW-1*hr-1,,,,FALSE
SUCCt2_3pp,succ_p (abcd) + 3 h_p --> succ_c (abcd) + 3 h_c,0,1000,TRUE,add in to iDM2014 from iJO1366?,"Transport, Inner Membrane",0,(b4123 or b4138),"{b4123,b4138}",mmol*gDW-1*hr-1,,,,FALSE
SUCCtex,succ_e (abcd) --> succ_p (abcd),0,1000,TRUE,add in to iDM2014 from iJO1366?,"Transport, Outer Membrane Porin",0,(b0241 or b0929 or b1377 or b2215),"{b2215,b0929,b0241,b1377}",mmol*gDW-1*hr-1,,,,FALSE
SUCCtex_reverse,succ_p (abcd) --> succ_e (abcd),0,1000,TRUE,add in to iDM2014 from iJO1366?,"Transport, Outer Membrane Porin",0,(b0241 or b0929 or b1377 or b2215),"{b2215,b0929,b0241,b1377}",mmol*gDW-1*hr-1,,,,FALSE
SUCFUMtpp,succ_c (abcd) + fum_p (efgh) --> succ_p (abcd) + fum_c (efgh),0,0,TRUE,creates a trap; add in to iDM2014,"Transport, Inner Membrane",0,(b4123 or b0621 or b4138),"{b4123,b0621,b4138}",mmol*gDW-1*hr-1,,,,FALSE
FUMt2_2pp,2 h_p + fum_p (abcd) --> fum_c (abcd) + 2 h_c,0,0,TRUE,creates a trap; add in to iDM2014,"Transport, Inner Membrane",0,b3528,{b3528},mmol*gDW-1*hr-1,,,,FALSE
FUMt2_3pp,3 h_p + fum_p (abcd) --> fum_c (abcd) + 3 h_c,0,0,TRUE,creates a trap; add in to iDM2014,"Transport, Inner Membrane",0,(b4138 or b4123 or b0621),"{b4123,b0621,b4138}",mmol*gDW-1*hr-1,,,,FALSE
FUMtex,fum_e (abcd) --> fum_p (abcd),0,0,TRUE,creates a trap; add in to iDM2014,"Transport, Outer Membrane Porin",0,(b0241 or b0929 or b1377 or b2215),"{b2215,b0929,b0241,b1377}",mmol*gDW-1*hr-1,,,,FALSE
FUMtex_reverse,fum_p (abcd) --> fum_e (abcd),0,0,TRUE,creates a trap; add in to iDM2014,"Transport, Outer Membrane Porin",0,(b0241 or b0929 or b1377 or b2215),"{b2215,b0929,b0241,b1377}",mmol*gDW-1*hr-1,,,,FALSE
FORt2pp,for_p (a) + h_p --> for_c (a) + h_c,0,1000,TRUE,add in to iDM2014 from iJO1366?,"Transport, Inner Membrane",0,(b0904 or b2492),"{b0904,b2492}",mmol*gDW-1*hr-1,,,,FALSE
FORtex,for_e (a) --> for_p (a),0,1000,TRUE,add in to iDM2014 from iJO1366?,"Transport, Outer Membrane Porin",0,(b0241 or b0929 or b1377 or b2215),"{b2215,b0929,b0241,b1377}",mmol*gDW-1*hr-1,,,,FALSE
FORtex_reverse,for_p (a) --> for_e (a),0,1000,TRUE,add in to iDM2014 from iJO1366?,"Transport, Outer Membrane Porin",0,(b0241 or b0929 or b1377 or b2215),"{b2215,b0929,b0241,b1377}",mmol*gDW-1*hr-1,,,,FALSE
FORtppi,for_c (a) --> for_p (a),0,1000,TRUE,add in to iDM2014 from iJO1366?,"Transport, Inner Membrane",0,(b0904 or b2492),"{b0904,b2492}",mmol*gDW-1*hr-1,,,,FALSE
GLYCtpp,1.0*glyc_c (abc) -> 1.0*glyc_p (abc),0,1000,TRUE,add in to iDM2014 from iJO1366?,"Transport, Inner Membrane",0,(b3927 or s0001),"{b3927,s0001}",mmol*gDW-1*hr-1,,,,FALSE
GLYCtex,glyc_e (abc) --> glyc_p (abc),0,1000,TRUE,add in to iDM2014 from iJO1366?,"Transport, Outer Membrane Porin",0,(b0241 or b0929 or b1377 or b2215),"{b2215,b0929,b1377,b0241}",mmol*gDW-1*hr-1,,,,FALSE
GLYCtex_reverse,glyc_p (abc) --> glyc_e (abc),0,1000,TRUE,add in to iDM2014 from iJO1366?,"Transport, Outer Membrane Porin",0,(b0241 or b0929 or b1377 or b2215),"{b2215,b0929,b1377,b0241}",mmol*gDW-1*hr-1,,,,FALSE
G3PD2,glyc3p_c (abc) + nadp_c --> dhap_c (abc) + h_c + nadph_c,0,1000,TRUE,add in to iDM2014 from iJO1366?,Alternate Carbon Metabolism,0,b3608,{b3608},mmol*gDW-1*hr-1,,,,FALSE
EX_glyc_LPAREN_e_RPAREN_,glyc_e (abc) --> ,0,0,TRUE,add in to iDM2014 from iJO1366?,"""""",0,"""""",{},mmol*gDW-1*hr-1,,,,FALSE
G3PT,glyc3p_c (abc) + h2o_c --> glyc_c (abc) + pi_c,0,1000,TRUE,add in to iDM2014 from iJO1366?,Alternate Carbon Metabolism,0,b0822,{b0822},mmol*gDW-1*hr-1,,,,FALSE
GLYCLTt2rpp,h_p + glyclt_p (ab) --> glyclt_c (ab) + h_c,0,1000,TRUE,add in to iDM2014 from iJO1366?,"Transport, Inner Membrane",0,(b3603 or b2975),"{b2975,b3603}",mmol*gDW-1*hr-1,,,,FALSE
GLYCLTtex,glyclt_e (ab) --> glyclt_p (ab),0,1000,TRUE,add in to iDM2014 from iJO1366?,"Transport, Outer Membrane Porin",0,(b0241 or b0929 or b1377 or b2215),"{b2215,b0929,b1377,b0241}",mmol*gDW-1*hr-1,,,,FALSE
GLYCLTtex_reverse,glyclt_p (ab) --> glyclt_e (ab),0,1000,TRUE,add in to iDM2014 from iJO1366?,"Transport, Outer Membrane Porin",0,(b0241 or b0929 or b1377 or b2215),"{b2215,b0929,b1377,b0241}",mmol*gDW-1*hr-1,,,,FALSE
EX_glyclt_LPAREN_e_RPAREN_,glyclt_e (ab) --> ,0,0,TRUE,add in to iDM2014 from iJO1366?,"""""",0,"""""",{},mmol*gDW-1*hr-1,,,,FALSE
CO2tpp,1.0*co2_p (a) -> 1.0*co2_c (a),0,1000,TRUE,add to iDM2014,"Transport, Inner Membrane",0,s0001,{s0001},mmol*gDW-1*hr-1,,,,FALSE
O2tex_reverse,1.0*o2_p -> 1.0*o2_e,0,1000,TRUE,add to iDM2014,"Transport, Outer Membrane Porin",0,(b0241 or b0929 or b1377 or b2215),"{b1377,b0241,b0929,b2215}",mmol*gDW-1*hr-1,,,,FALSE
CO2tex,1.0*co2_e (a) -> 1.0*co2_p (a),0,1000,TRUE,add to iDM2014,"Transport, Outer Membrane Porin",0,(b0241 or b0929 or b1377 or b2215),"{b1377,b0241,b0929,b2215}",mmol*gDW-1*hr-1,,,,FALSE
O2tpp_reverse,o2_c --> o2_p,0,1000,TRUE,add to iDM2014,Inorganic Ion Transport and Metabolism,0,s0001,{s0001},mmol*gDW-1*hr-1,,,,FALSE
ACt2rpp_reverse,ac_c (ab) + h_c --> ac_p (ab) + h_p,0,1000,TRUE,,"Transport, Inner Membrane",0,"""""",{},mmol*gDW-1*hr-1,,,,FALSE
ACtex_reverse,ac_p (ab) --> ac_e (ab),0,1000,TRUE,,"Transport, Outer Membrane Porin",0,(b0241 or b0929 or b1377 or b2215),"{b1377,b0241,b0929,b2215}",mmol*gDW-1*hr-1,,,,FALSE
H2Otpp,h2o_p --> h2o_c,0,1000,TRUE,add to iDM2014,"Transport, Inner Membrane",0,(s0001 or b0875),"{s0001,b0875}",mmol*gDW-1*hr-1,,,,FALSE
H2Otex,h2o_e --> h2o_p,0,1000,TRUE,add to iDM2014,"Transport, Outer Membrane Porin",0,(s0001 or b0957 or b3875 or b2215 or b0241 or b1319 or b1377 or b0929),"{b3875,b0241,b0957,b1319,b0929,b1377,b2215,s0001}",mmol*gDW-1*hr-1,,,,FALSE
Htex,h_e --> h_p,0,1000,TRUE,add to iDM2014,"Transport, Outer Membrane Porin",0,(b0929 or b1377 or b2215 or b0241),"{b2215,b0929,b1377,b0241}",mmol*gDW-1*hr-1,,,,FALSE
EX_h_LPAREN_e_RPAREN_,h_e -->,0,1000,TRUE,add to iDM2014,"""""",0,"""""",{},mmol*gDW-1*hr-1,,,,FALSE
HCO3E_reverse,h_c + hco3_c (a) --> h2o_c + co2_c (a),0,1000,TRUE,add to iDM2014,Unassigned,0,(b0126 or b0339),"{b0339,b0126}",mmol*gDW-1*hr-1,,,,FALSE
PYRt2rpp,h_p + pyr_p (abc) --> pyr_c (abc) + h_c,0,1000,TRUE,add to iDM2014,"Transport, Inner Membrane",0,"""""",{},mmol*gDW-1*hr-1,,,,FALSE
PYRt2rpp_reverse,h_c + pyr_c (abc) --> pyr_p (abc) + h_p,0,1000,TRUE,add to iDM2014,"Transport, Inner Membrane",0,"""""",{},mmol*gDW-1*hr-1,,,,FALSE
PYRtex,pyr_e (abc) --> pyr_p (abc),0,1000,TRUE,add to iDM2014,"Transport, Outer Membrane Porin",0,(b0241 or b0929 or b1377 or b2215),"{b2215,b0929,b0241,b1377}",mmol*gDW-1*hr-1,,,,FALSE
PYRtex_reverse,pyr_p (abc) --> pyr_e (abc),0,1000,TRUE,add to iDM2014,"Transport, Outer Membrane Porin",0,(b0241 or b0929 or b1377 or b2215),"{b2215,b0929,b0241,b1377}",mmol*gDW-1*hr-1,,,,FALSE
